1,34336.34,34409.59,34271.44,34323.05,34323.05,258780000.00,
1,34428.66,34511.35,34266.03,34312.46,34312.46,285760000.00,
1,34253.87,34472.51,34253.87,34393.98,34393.98,251010000.00,
1,34121.91,34415.48,34121.91,34207.84,34207.84,306360000.00,
1,33906.3,34233.4,33872.41,34084.15,34084.15,320150000.00,
1,33945.81,33945.81,33473.8,33896.04,33896.04,348480000.00,
1,34351.18,34408.99,34044.1,34060.66,34060.66,289590000.00,
1,34375.29,34383.84,34176.65,34327.79,34327.79,291910000.00,
1,34050.86,34454.05,34050.86,34382.13,34382.13,303230000.00,
1,33624.74,34181.77,33623.49,34021.45,34021.45,350820000.00,
1,34206.4,34207.87,33555.22,33587.66,33587.66,381350000.00,
1,34572.74,34572.74,34075.31,34269.16,34269.16,413180000.00,
1,34785.27,35091.56,34741.57,34742.82,34742.82,361620000.00,
1,34578.27,34811.39,34464.31,34777.76,34777.76,303400000.00,
1,34245.11,34561.29,34185.06,34548.53,34548.53,315430000.00,
1,34163.99,34331.2,34039.66,34230.34,34230.34,253180000.00,
1,34080.2,34147.78,33765.68,34133.03,34133.03,407860000.00,
1,33904.89,34221.06,33904.89,34113.23,34113.23,289770000.00,
1,33988.75,33988.75,33784.96,33874.85,33874.85,374890000.00,
1,33855.64,34087.21,33744.28,34060.36,34060.36,408450000.00,
1,33860.46,33946.6,33805.56,33820.38,33820.38,335820000.00,
1,33932.13,34043.98,33870.46,33984.93,33984.93,289030000.00,
1,34044.23,34148.94,33941.37,33981.57,33981.57,279300000.00,
1,33804.52,34157.57,33713.29,34043.49,34043.49,346380000.00,
1,34109.88,34126.57,33717.19,33815.9,33815.9,344470000.00,
1,33808.3,34160.34,33773.8,34137.31,34137.31,290300000.00,
1,34034.18,34034.18,33687.01,33821.3,33821.3,350960000.00,
1,34182.38,34182.38,33980.56,34077.63,34077.63,312540000.00,
1,34058.16,34256.75,34058.16,34200.67,34200.67,343760000.00,
1,33788.53,34068.73,33788.53,34035.99,34035.99,319680000.00,
1,33668.95,33911.25,33668.95,33730.89,33730.89,315330000.00,
1,33721.16,33741.64,33545.84,33677.27,33677.27,324480000.00,
1,33775.06,33786.19,33665.54,33745.4,33745.4,327370000.00,
1,33526.19,33810.87,33526.19,33800.6,33800.6,316410000.00,
1,33469.89,33506.8,33342.64,33503.57,33503.57,304040000.00,
1,33444.98,33521.76,33347.96,33446.26,33446.26,273440000.00,
1,33500.02,33544.79,33380.43,33430.24,33430.24,297940000.00,
1,33222.38,33617.95,33222.38,33527.19,33527.19,344270000.00,
1,33054.58,33167.17,32985.35,33153.21,33153.21,311880000.00,
1,33116.04,33173.77,32980.57,32981.55,32981.55,414140000.00,
1,33127.88,33170.93,32988.92,33066.96,33066.96,307510000.00,
1,33087.55,33259,32905.13,33171.37,33171.37,351610000.00,
1,32681.07,33098.83,32681.07,33072.88,33072.88,382170000.00,
1,32346.81,32672.69,32071.41,32619.48,32619.48,411990000.00,
1,32470.88,32787.99,32418.15,32420.06,32420.06,399390000.00,
1,32691.5,32753.77,32356.28,32423.15,32423.15,385840000.00,
1,32601.82,32810.35,32512.53,32731.2,32731.2,383500000.00,
1,32858.36,32858.36,32505.07,32627.97,32627.97,811890000.00,
1,32928.16,33227.78,32831.25,32862.3,32862.3,418480000.00,
1,32825.52,33047.58,32782.18,33015.37,33015.37,391200000.00,
1,32966.75,32966.75,32778.23,32825.95,32825.95,386370000.00,
1,32798.84,32973.4,32629.75,32953.46,32953.46,360080000.00,
1,32462.4,32793.32,32462.4,32778.64,32778.64,346400000.00,
1,32354.5,32661.59,32345.7,32485.59,32485.59,400020000.00,
1,31906.96,32389.5,31906.96,32297.02,32297.02,409110000.00,
1,31892.35,32150.32,31822.64,31832.74,31832.74,458690000.00,
1,31512.15,32148.04,31512.15,31802.44,31802.44,496980000.00,
1,31029.18,31580.33,30766.81,31496.3,31496.3,501810000.00,
1,31289.01,31461.97,30547.53,30924.14,30924.14,537850000.00,
1,31352.96,31563.31,31260.14,31270.09,31270.09,409660000.00,
1,31535.37,31623.27,31377.16,31391.52,31391.52,337270000.00,
1,31065.9,31668.34,31065.9,31535.51,31535.51,385670000.00,
1,31401.29,31450.89,30911.37,30932.37,30932.37,532250000.00,
1,31955.94,31984.77,31293.32,31402.01,31402.01,454110000.00,
1,31499.75,32009.64,31421.29,31961.86,31961.86,410150000.00,
1,31501.89,31653.38,31158.76,31537.35,31537.35,460410000.00,
1,31381.12,31653.48,31286.57,31521.69,31521.69,387210000.00,
1,31504.13,31647.53,31469.34,31494.32,31494.32,353070000.00,
1,31558.6,31558.6,31285.32,31493.34,31493.34,325990000.00,
1,31485.61,31643.7,31338.76,31613.02,31613.02,343510000.00,
1,31472.08,31608.63,31443.48,31522.75,31522.75,329210000.00,
1,31420.8,31475.31,31347.8,31458.4,31458.4,263090000.00,
1,31466.49,31543.82,31244.36,31430.7,31430.7,280320000.00,
1,31428.02,31511.44,31221.32,31437.8,31437.8,326450000.00,
1,31359.88,31439.47,31245.86,31375.83,31375.83,308210000.00,
1,31191.2,31386.1,31191.2,31385.76,31385.76,322250000.00,
1,31093.81,31252.18,31083.22,31148.24,31148.24,293550000.00,
1,30737.78,31065.96,30737.78,31055.86,31055.86,338330000.00,
1,30689.65,30793.41,30521.31,30723.6,30723.6,305590000.00,
1,30276.88,30840.54,30276.88,30687.48,30687.48,333160000.00,
1,30054.73,30335.91,30014.97,30211.91,30211.91,347060000.00,
1,30553.91,30553.91,29856.3,29982.62,29982.62,536320000.00,
1,30377.19,30951.41,30377.19,30603.36,30603.36,465140000.00,
1,30893.78,30893.78,30206.91,30303.17,30303.17,566470000.00,
1,30968.55,31121.42,30921.71,30937.04,30937.04,373150000.00,
1,30989.85,30989.85,30564.06,30960,30960,472890000.00,
1,31141.56,31141.56,30908.47,30996.98,30996.98,436040000.00,
1,31198.01,31272.22,31120.92,31176.01,31176.01,418780000.00,
1,31017.54,31235.98,30997.79,31188.38,31188.38,384980000.00,
1,30887.42,31086.62,30865.03,30930.52,30930.52,386400000.00,
1,30926.77,30941.98,30612.67,30814.26,30814.26,433000000.00,
1,31085.67,31223.78,30982.24,30991.52,30991.52,427810000.00,
1,31084.88,31153.37,30992.05,31060.47,31060.47,413250000.00,
1,31015.01,31114.56,30888.76,31068.69,31068.69,362620000.00,
1,31015.37,31096.98,30832.06,31008.69,31008.69,356540000.00,
1,31069.58,31140.67,30793.27,31097.97,31097.97,381150000.00,
1,30901.18,31193.4,30897.86,31041.13,31041.13,427810000.00,
1,30362.78,31022.65,30313.07,30829.4,30829.4,500430000.00,
1,30204.25,30504.89,30141.78,30391.6,30391.6,350910000.00,
1,30627.47,30674.28,29881.82,30223.89,30223.89,475080000.00,
1,30417.64,30637.47,30344.5,30606.48,30606.48,284470000.00,
1,30415.09,30525.35,30393.04,30409.56,30409.56,291890000.00,
1,30492.07,30588.79,30274.24,30335.67,30335.67,357610000.00,
1,30283.23,30525.56,30283.23,30403.97,30403.97,302490000.00,
1,30155.92,30209.67,30099.3,30199.87,30199.87,145570000.00,
1,30046.73,30292.53,30046.73,30129.83,30129.83,274050000.00,
1,30200.2,30200.2,29992.89,30015.51,30015.51,388810000.00,
1,30159,30304.14,29755.53,30216.45,30216.45,437480000.00,
1,30314.26,30343.59,30029.44,30179.05,30179.05,782070000.00,
1,30216,30323.78,30216,30303.37,30303.37,345530000.00,
1,30191.38,30236.03,30080.11,30154.54,30154.54,344590000.00,
1,29919.09,30243.26,29894.95,30199.31,30199.31,417770000.00,
1,30123.91,30325.79,29849.15,29861.55,29861.55,371980000.00,
1,29988.21,30071.13,29820.84,30046.37,30046.37,393870000.00,
1,30032.55,30063.87,29876.82,29999.26,29999.26,325550000.00,
1,30229.81,30319.7,29951.85,30068.81,30068.81,380520000.00,
1,29997.95,30246.22,29972.07,30173.88,30173.88,311190000.00,
1,30233.03,30233.03,29967.22,30069.79,30069.79,365810000.00,
1,29989.56,30218.26,29989.56,30218.26,30218.26,356590000.00,
1,29920.83,30110.88,29877.27,29969.52,29969.52,405680000.00,
1,29695.09,29902.51,29599.29,29883.79,29883.79,385280000.00,
1,29797.5,30083.31,29797.5,29823.92,29823.92,429510000.00,
1,29854.51,29854.51,29463.64,29638.64,29638.64,551350000.00,
1,29911.33,30015.13,29819.98,29910.37,29910.37,177040000.00,
1,30058.87,30058.87,29806.25,29872.47,29872.47,323030000.00,
1,29746.11,30116.51,29746.11,30046.24,30046.24,432760000.00,
1,29332.82,29667.75,29332.82,29591.27,29591.27,387200000.00,
1,29437.57,29469.89,29231.2,29263.48,29263.48,305350000.00,
1,29370.92,29524.9,29228.38,29483.23,29483.23,331330000.00,
1,29875.4,29930.85,29432.84,29438.42,29438.42,382850000.00,
1,29800.15,29872.42,29520.29,29783.35,29783.35,372380000.00,
1,29672.36,29964.29,29672.36,29950.44,29950.44,418290000.00,
1,29203.9,29559.25,29203.9,29479.81,29479.81,348810000.00,
1,29231.91,29311.83,28902.13,29080.17,29080.17,369320000.00,
1,29524.35,29593.11,29281.22,29397.63,29397.63,376700000.00,
1,29254.17,29478.86,29126.99,29420.92,29420.92,526980000.00,
1,29467.9,29933.83,29130.66,29157.97,29157.97,673310000.00,
1,28399.13,28431.96,28189.5,28323.4,28323.4,326710000.00,
1,28083.37,28495.05,28083.37,28390.18,28390.18,390140000.00,
1,27512.83,28301.5,27512.83,27847.66,27847.66,447860000.00,
1,27138.69,27640.21,27138.69,27480.03,27480.03,350980000.00,
1,26691.28,27043.48,26691.28,26925.05,26925.05,379990000.00,
1,26572.27,26639.18,26143.77,26501.6,26501.6,504820000.00,
1,26480.98,26891.89,26290.78,26659.11,26659.11,419770000.00,
1,27102.14,27102.14,26497.39,26519.95,26519.95,496150000.00,
1,27651.18,27707.69,27457.96,27463.19,27463.19,366400000.00,
1,28185.82,28185.82,27370.16,27685.38,27685.38,404150000.00,
1,28409.65,28436.52,28149.82,28335.57,28335.57,347300000.00,
1,28197.42,28421.31,28040.18,28363.66,28363.66,330320000.00,
1,28270.66,28450.64,28196.39,28210.82,28210.82,299420000.00,
1,28245.85,28575.03,28243.04,28308.79,28308.79,350220000.00,
1,28633.55,28711.93,28139.4,28195.42,28195.42,358700000.00,
1,28570.72,28842.9,28570.72,28606.31,28606.31,356140000.00,
1,28323.4,28535.85,28181.54,28494.2,28494.2,328940000.00,
1,28731.3,28792.56,28461.73,28514,28514,370800000.00,
1,28764.95,28808.84,28604.35,28679.81,28679.81,526110000.00,
1,28671.12,28957.9,28659.67,28837.52,28837.52,493680000.00,
1,28533.61,28676.29,28440.63,28586.9,28586.9,324050000.00,
1,28348.86,28459.13,28265.56,28425.51,28425.51,314750000.00,
1,27971.36,28369.66,27971.36,28303.46,28303.46,328750000.00,
1,28214.24,28354.48,27728.03,27772.76,27772.76,435030000.00,
1,27825.42,28162.64,27825.42,28148.64,28148.64,318210000.00,
1,27536.39,27861.43,27382.94,27682.81,27682.81,392770000.00,
1,27940.63,28041.46,27669.26,27816.9,27816.9,373450000.00,
1,27514.64,28026.33,27511.06,27781.7,27781.7,452550000.00,
1,27560.24,27605.6,27338.09,27452.66,27452.66,303820000.00,
1,27362.14,27722.6,27362.14,27584.06,27584.06,401860000.00,
1,26694.51,27239.29,26635.38,27173.96,27173.96,388900000.00,
1,26716.09,27094.85,26537.01,26815.44,26815.44,447810000.00,
1,27413.6,27464.46,26716.12,26763.13,26763.13,459470000.00,
1,27170.34,27333.09,26989.93,27288.18,27288.18,420720000.00,
1,27484.71,27484.71,26715.15,27147.7,27147.7,523660000.00,
1,27864.87,27946.69,27487.97,27657.42,27657.42,698710000.00,
1,27834.18,28056.79,27647.93,27901.98,27901.98,437230000.00,
1,28031.69,28364.77,28021.67,28032.38,28032.38,416650000.00,
1,28139.76,28231.06,27931.45,27995.6,27995.6,414520000.00,
1,27718.74,28086.06,27718.74,27993.33,27993.33,380750000.00,
1,27613.86,27828.82,27448.15,27665.64,27665.64,435330000.00,
1,28022.51,28174.78,27447.08,27534.58,27534.58,442850000.00,
1,27711.71,28206.21,27704.54,27940.47,27940.47,460590000.00,
1,27925.23,27925.23,27464.9,27500.89,27500.89,580860000.00,
1,28341.05,28539.75,27664.68,28133.31,28133.31,694640000.00,
1,29090.7,29199.35,28074.76,28292.73,28292.73,650080000.00,
1,28736.79,29162.88,28713.53,29100.5,29100.5,539510000.00,
1,28439.61,28659.26,28290.72,28645.66,28645.66,423410000.00,
1,28643.66,28643.66,28363.55,28430.05,28430.05,517320000.00,
1,28601.29,28733.35,28487.98,28653.87,28653.87,369740000.00,
1,28384.07,28634.22,28363.93,28492.27,28492.27,404340000.00,
1,28257.88,28353.8,28153.91,28331.92,28331.92,327070000.00,
1,28347.42,28400.74,28094.57,28248.44,28248.44,338420000.00,
1,28077.58,28314.94,28041.75,28308.46,28308.46,383880000.00,
1,27758.13,27959.48,27686.78,27930.33,27930.33,372720000.00,
1,27622.68,27781.46,27526.25,27739.73,27739.73,304550000.00,
1,27811.26,27920.42,27647.67,27692.88,27692.88,311460000.00,
1,27853.48,27891.12,27668.79,27778.07,27778.07,276170000.00,
1,27970.05,27999.81,27816.4,27844.91,27844.91,286860000.00,
1,27828.93,27977.81,27759.39,27931.02,27931.02,275540000.00,
1,27922.51,27986.1,27789.78,27896.72,27896.72,360160000.00,
1,27860.24,28043.89,27843.32,27976.84,27976.84,340210000.00,
1,27961.64,28154.88,27624.51,27686.91,27686.91,428220000.00,
1,27488.21,27803.86,27488.21,27791.44,27791.44,360340000.00,
1,27321.68,27456.24,27223.55,27433.48,27433.48,321170000.00,
1,27170.82,27394.1,27145.25,27386.98,27386.98,322460000.00,
1,26924.78,27221.67,26924.78,27201.52,27201.52,366000000.00,
1,26664.61,26832.72,26597.82,26828.47,26828.47,346350000.00,
1,26542.32,26707.26,26534.38,26664.4,26664.4,439380000.00,
1,26409.33,26440.02,26013.59,26428.32,26428.32,488050000.00,
1,26367.42,26374.93,25992.28,26313.65,26313.65,351540000.00,
1,26388.44,26602.45,26375.39,26539.57,26539.57,347580000.00,
1,26529.45,26556.84,26361.71,26379.28,26379.28,361090000.00,
1,26447.67,26625.46,26426.92,26584.77,26584.77,400930000.00,
1,26533.41,26625.7,26402.86,26469.89,26469.89,494170000.00,
1,26955.97,26973.85,26560.04,26652.33,26652.33,419800000.00,
1,26824.56,27035.24,26794.19,27005.84,27005.84,404340000.00,
1,26833.14,27025.38,26766.22,26840.4,26840.4,364930000.00,
1,26660.29,26765.02,26504.2,26680.87,26680.87,309390000.00,
1,26774.62,26808.43,26619.88,26671.95,26671.95,296460000.00,
1,26746.57,26879.16,26590.01,26734.71,26734.71,287330000.00,
1,27009.81,27071.33,26692.48,26870.1,26870.1,384900000.00,
1,26044.17,26690.52,25994.98,26642.59,26642.59,401640000.00,
1,26225.07,26639.09,26044.23,26085.8,26085.8,425320000.00,
1,25690.35,26101.32,25637.5,26075.3,26075.3,338170000.00,
1,26094.92,26103.28,25523.51,25706.09,25706.09,387610000.00,
1,25950.06,26109.49,25816.25,26067.28,26067.28,337300000.00,
1,26172.01,26174.93,25866.58,25890.18,25890.18,346820000.00,
1,25996.08,26297.53,25996.08,26287.03,26287.03,340690000.00,
1,25936.45,26204.41,25778.12,25827.36,25827.36,349130000.00,
1,25879.38,26019.31,25713.61,25734.97,25734.97,373180000.00,
1,25512.43,25905.38,25475.14,25812.88,25812.88,410780000.00,
1,25152.45,25601.15,25096.16,25595.8,25595.8,378070000.00,
1,25641.69,25641.69,24971.03,25015.55,25015.55,640860000.00,
1,25365.22,25769.61,25209.79,25745.6,25745.6,384560000.00,
1,25992.96,25992.96,25296.73,25445.94,25445.94,450120000.00,
1,26159.39,26314.97,26105.97,26156.1,26156.1,389980000.00,
1,25865.08,26059.81,25667.68,26024.96,26024.96,351780000.00,
1,26213.1,26451.44,25759.66,25871.46,25871.46,669390000.00,
1,26016.45,26154.2,25848.53,26080.1,26080.1,328390000.00,
1,26330.52,26400.07,26068.41,26119.61,26119.61,328830000.00,
1,26326.68,26611.03,25811.7,26289.98,26289.98,489500000.00,
1,25270.39,25891.58,24843.18,25763.16,25763.16,461230000.00,
1,25659.42,25965.55,25078.41,25605.54,25605.54,514440000.00,
1,26282.51,26294.08,25082.72,25128.17,25128.17,647780000.00,
1,27251.89,27355.22,26938.05,26989.99,26989.99,448930000.00,
1,27447.37,27447.37,27151.06,27272.3,27272.3,381430000.00,
1,27232.93,27580.21,27232.48,27572.44,27572.44,430200000.00,
1,26836.8,27338.3,26836.8,27110.98,27110.98,542310000.00,
1,26226.49,26384.1,26082.31,26281.82,26281.82,372190000.00,
1,25906.88,26337.75,25906.88,26269.89,26269.89,398790000.00,
1,25582.52,25743.13,25523.74,25742.65,25742.65,352610000.00,
1,25342.99,25508.83,25220.66,25475.02,25475.02,338310000.00,
1,25324.15,25482.8,25031.67,25383.11,25383.11,527620000.00,
1,25697.36,25758.79,25358.73,25400.64,25400.64,377800000.00,
1,25298.63,25551.56,25009.87,25548.27,25548.27,411230000.00,
1,24781.84,25176.42,24781.84,24995.11,24995.11,424380000.00,
1,24461.98,24481.64,24294.07,24465.16,24465.16,255660000.00,
1,24564.27,24718.46,24370.88,24474.12,24474.12,346770000.00,
1,24455.94,24649.48,24455.94,24575.9,24575.9,366510000.00,
1,24577.48,24599.5,24202.96,24206.86,24206.86,374100000.00,
1,24059.98,24708.54,24059.98,24597.37,24597.37,484190000.00,
1,23454.83,23730.08,23354.15,23685.42,23685.42,491510000.00,
1,23049.06,23630.86,22789.62,23625.34,23625.34,472700000.00,
1,23702.16,23708.9,23067.64,23247.97,23247.97,469950000.00,
1,24292.84,24382.09,23761.58,23764.78,23764.78,359480000.00,
1,24256.45,24366.21,24070.22,24221.99,24221.99,352400000.00,
1,24107.82,24349.9,24107.05,24331.32,24331.32,335760000.00,
1,23837.21,24094.62,23834.39,23875.89,23875.89,369890000.00,
1,23978.88,24054.59,23661.14,23664.64,23664.64,377450000.00,
1,23958.88,24169.72,23868.91,23883.09,23883.09,369710000.00,
1,23581.55,23769.56,23361.16,23749.76,23749.76,355360000.00,
1,24120.78,24120.78,23645.3,23723.69,23723.69,418160000.00,
1,24585.57,24585.57,24186.9,24345.72,24345.72,487840000.00,
1,24490.37,24764.77,24453.99,24633.86,24633.86,455290000.00,
1,24357.17,24512.24,24031.2,24101.55,24101.55,400250000.00,
1,23866.15,24207.65,23840.61,24133.78,24133.78,389390000.00,
1,23628.24,23826,23417.68,23775.27,23775.27,376020000.00,
1,23543.09,23885.36,23483.35,23515.26,23515.26,389290000.00,
1,23437.34,23613.1,23339.6,23475.82,23475.82,352880000.00,
1,23365.25,23365.25,22941.88,23018.88,23018.88,485140000.00,
1,24095.1,24108.69,23627.19,23650.44,23650.44,423410000.00,
1,23817.15,24264.21,23817.15,24242.49,24242.49,525950000.00,
1,23543.66,23598.08,23211.38,23537.68,23537.68,471050000.00,
1,23600.72,23649.72,23233.32,23504.35,23504.35,437630000.00,
1,23690.57,24040.58,23683.44,23949.76,23949.76,485910000.00,
1,23698.93,23698.93,23095.35,23390.77,23390.77,394320000.00,
1,23690.66,24008.99,23504.09,23719.37,23719.37,566400000.00,
1,22893.47,23513.4,22682.99,23433.57,23433.57,472740000.00,
1,23537.44,23617.24,22634.45,22653.86,22653.86,594660000.00,
1,21693.63,22783.45,21693.63,22679.99,22679.99,610760000.00,
1,21285.93,21447.81,20863.09,21052.53,21052.53,450010000.00,
1,20819.46,21477.77,20735.02,21413.44,21413.44,529540000.00,
1,21227.38,21487.24,20784.43,20943.51,20943.51,506680000.00,
1,22208.42,22480.37,21852.08,21917.16,21917.16,571210000.00,
1,21678.22,22378.09,21522.08,22327.48,22327.48,545540000.00,
1,21898.47,22327.57,21469.27,21636.78,21636.78,588830000.00,
1,21468.38,22595.06,21427.1,22552.17,22552.17,705180000.00,
1,21050.34,22019.93,20538.34,21200.55,21200.55,796320000.00,
1,19722.19,20737.7,19649.25,20704.91,20704.91,799340000.00,
1,19028.36,19121.01,18213.65,18591.93,18591.93,787970000.00,
1,20253.15,20531.26,19094.27,19173.98,19173.98,872290000.00,
1,19830.01,20442.63,19177.13,20087.19,20087.19,780300000.00,
1,20188.69,20489.33,18917.46,19898.92,19898.92,871360000.00,
1,20487.05,21379.35,19882.26,21237.38,21237.38,793060000.00,
1,20917.53,21768.28,20116.46,20188.52,20188.52,770130000.00,
1,21973.82,23189.76,21285.37,23185.62,23185.62,843080000.00,
1,22184.71,22837.95,21154.46,21200.62,21200.62,908260000.00,
1,24604.63,24604.63,23328.32,23553.22,23553.22,663960000.00,
1,24453,25020.99,23690.34,25018.16,25018.16,654860000.00,
1,24992.36,24992.36,23706.07,23851.02,23851.02,750430000.00,
1,25457.21,25994.38,25226.62,25864.78,25864.78,599780000.00,
1,26671.92,26671.92,25943.33,26121.28,26121.28,477370000.00,
1,26383.68,27102.34,26286.31,27090.86,27090.86,457590000.00,
1,26762.47,27084.59,25706.28,25917.41,25917.41,647080000.00,
1,25590.51,26706.17,25391.96,26703.32,26703.32,637200000.00,
1,25270.83,25494.24,24681.01,25409.36,25409.36,915990000.00,
1,26526,26775.31,25752.82,25766.64,25766.64,664980000.00,
1,27159.46,27542.78,26890.97,26957.59,26957.59,472450000.00,
1,28037.65,28149.2,26997.62,27081.36,27081.36,513270000.00,
1,28402.93,28402.93,27912.44,27960.8,27960.8,452580000.00,
1,29146.53,29146.53,28892.7,28992.41,28992.41,311210000.00,
1,29296.25,29368.45,28959.65,29219.98,29219.98,287780000.00,
1,29312.7,29409.09,29274.38,29348.03,29348.03,240640000.00,
1,29282.78,29330.16,29116.81,29232.19,29232.19,256600000.00,
1,29440.47,29463.04,29283.18,29398.08,29398.08,231000000.00,
1,29436.03,29535.4,29345.93,29423.31,29423.31,291150000.00,
1,29406.75,29568.57,29406.75,29551.42,29551.42,309530000.00,
1,29390.71,29415.39,29210.47,29276.34,29276.34,279540000.00,
1,28995.66,29278.07,28995.66,29276.82,29276.82,250510000.00,
1,29286.92,29286.92,29056.98,29102.51,29102.51,252860000.00,
1,29388.58,29408.05,29246.93,29379.77,29379.77,263700000.00,
1,29048.73,29308.89,29000.85,29290.85,29290.85,357540000.00,
1,28696.74,28904.88,28696.74,28807.63,28807.63,332750000.00,
1,28319.65,28630.39,28319.65,28399.81,28399.81,307910000.00,
1,28813.04,28813.04,28169.53,28256.03,28256.03,403890000.00,
1,28640.16,28879.71,28489.76,28859.44,28859.44,326850000.00,
1,28820.53,28944.24,28728.19,28734.45,28734.45,302290000.00,
1,28594.28,28823.23,28575.75,28722.85,28722.85,330140000.00,
1,28542.49,28671.79,28440.47,28535.8,28535.8,337270000.00,
1,29230.39,29288.79,28843.31,28989.73,28989.73,380010000.00,
1,29111.02,29190.47,28966.98,29160.09,29160.09,307060000.00,
1,29263.63,29320.2,29172.26,29186.27,29186.27,283440000.00,
1,29269.05,29341.21,29146.47,29196.04,29196.04,320640000.00,
1,29313.31,29373.62,29289.91,29348.1,29348.1,321820000.00,
1,29131.95,29300.32,29131.95,29297.64,29297.64,252110000.00,
1,28901.8,29127.59,28897.35,29030.22,29030.22,260270000.00,
1,28895.5,29054.16,28872.27,28939.67,28939.67,287440000.00,
1,28869.01,28909.91,28819.43,28907.05,28907.05,249830000.00,
1,28977.52,29009.07,28789.1,28823.77,28823.77,237830000.00,
1,28851.97,28988.01,28844.31,28956.9,28956.9,275060000.00,
1,28556.14,28866.18,28522.51,28745.09,28745.09,291750000.00,
1,28639.18,28685.5,28565.28,28583.68,28583.68,258900000.00,
1,28465.5,28708.02,28418.63,28703.38,28703.38,252760000.00,
1,28553.33,28716.31,28500.36,28634.88,28634.88,239590000.00,
1,28638.97,28872.8,28627.77,28868.8,28868.8,251820000.00,
1,28414.64,28547.35,28376.49,28538.44,28538.44,193340000.00,
1,28654.76,28664.69,28428.98,28462.14,28462.14,181600000.00,
1,28675.34,28701.66,28608.98,28645.26,28645.26,182280000.00,
1,28539.46,28624.1,28535.15,28621.39,28621.39,155970000.00,
1,28572.57,28576.8,28503.21,28515.45,28515.45,86150000.00,
1,28491.78,28582.49,28491.78,28551.53,28551.53,223530000.00,
1,28608.64,28608.64,28445.6,28455.09,28455.09,603780000.00,
1,28278.31,28381.48,28278.24,28376.96,28376.96,262570000.00,
1,28291.44,28323.25,28239.28,28239.28,28239.28,289890000.00,
1,28221.75,28328.63,28220.56,28267.16,28267.16,286770000.00,
1,28191.67,28337.49,28191.67,28235.89,28235.89,286770000.00,
1,28123.64,28290.73,28028.32,28135.38,28135.38,250660000.00,
1,27898.34,28224.95,27859.87,28132.05,28132.05,277740000.00,
1,27867.31,27925.5,27801.8,27911.3,27911.3,213510000.00,
1,27900.65,27949.02,27804,27881.72,27881.72,213250000.00,
1,27987.05,28010.42,27906.14,27909.6,27909.6,217000000.00,
1,27839.68,28035.85,27839.68,28015.06,28015.06,223310000.00,
1,27736.05,27745.2,27562.8,27677.79,27677.79,208600000.00,
1,27634.63,27727.45,27612.08,27649.78,27649.78,218200000.00,
1,27501.98,27524.74,27325.13,27502.81,27502.81,275350000.00,
1,28109.74,28109.84,27782.35,27783.04,27783.04,236610000.00,
1,28103.16,28119.51,28042.53,28051.41,28051.41,120630000.00,
1,28156.47,28174.97,28075.23,28164,28164,198210000.00,
1,28080.75,28146.02,28042.21,28121.68,28121.68,324050000.00,
1,27917.77,28068.69,27917.77,28066.47,28066.47,248420000.00,
1,27831.23,27898.46,27773.98,27875.62,27875.62,214780000.00,
1,27820.28,27828.33,27708.34,27766.29,27766.29,232020000.00,
1,27879.55,27897.28,27675.28,27821.09,27821.09,258140000.00,
1,28079.76,28090.21,27894.52,27934.02,27934.02,245890000.00,
1,27993.22,28040.97,27969.24,28036.22,28036.22,252320000.00,
1,27843.54,28004.89,27843.54,28004.89,28004.89,283720000.00,
1,27757.2,27800.71,27676.97,27781.96,27781.96,303970000.00,
1,27622.04,27806.4,27587.2,27783.59,27783.59,278390000.00,
1,27701.59,27770.86,27635.32,27691.49,27691.49,213670000.00,
1,27580.66,27714.39,27517.67,27691.49,27691.49,202350000.00,
1,27686.2,27694.95,27578.97,27681.24,27681.24,221440000.00,
1,27590.16,27774.67,27590.16,27674.8,27674.8,259020000.00,
1,27502.74,27526.05,27407.81,27492.56,27492.56,237910000.00,
1,27500.23,27560.36,27453.55,27492.63,27492.63,286350000.00,
1,27402.06,27517.58,27402.06,27462.11,27462.11,273030000.00,
1,27142.95,27347.43,27142.95,27347.36,27347.36,270870000.00,
1,27188.37,27188.37,26918.29,27046.23,27046.23,273830000.00,
1,27110.71,27204.36,26999.64,27186.69,27186.69,231750000.00,
1,27061.07,27165.94,27039.76,27071.46,27071.46,269610000.00,
1,27040.33,27167.88,27028.71,27090.72,27090.72,290770000.00,
1,26789.61,27015.37,26765.68,26958.06,26958.06,274610000.00,
1,26893.93,26931.78,26714.34,26805.53,26805.53,253590000.00,
1,26835.24,26896.89,26745,26833.95,26833.95,247680000.00,
1,26850.43,26946.64,26782.61,26788.1,26788.1,265510000.00,
1,26852.67,26852.67,26747.62,26827.64,26827.64,241030000.00,
1,27004.49,27018.25,26770.13,26770.2,26770.2,288970000.00,
1,27032.38,27112.16,26970.29,27025.88,27025.88,222540000.00,
1,26972.31,27058.34,26943.29,27001.98,27001.98,214660000.00,
1,26811.2,27120.11,26811.2,27024.8,27024.8,245510000.00,
1,26766.43,26874.33,26749.18,26787.36,26787.36,178620000.00,
1,26694.2,27013.97,26694.2,26816.59,26816.59,282080000.00,
1,26317.35,26603.31,26314.51,26496.67,26496.67,217680000.00,
1,26308.23,26424.31,26249.75,26346.01,26346.01,190060000.00,
1,26276.59,26421.81,26139.8,26164.04,26164.04,244590000.00,
1,26502.33,26655.84,26424.54,26478.02,26478.02,195200000.00,
1,26271.7,26590.74,26271.7,26573.72,26573.72,221310000.00,
1,26039.02,26205.2,25743.46,26201.04,26201.04,241610000.00,
1,26425.86,26438.04,25974.12,26078.62,26078.62,309640000.00,
1,26962.54,27046.21,26562.22,26573.04,26573.04,260110000.00,
1,26852.33,26998.86,26852.33,26916.83,26916.83,222680000.00,
1,26987.26,27012.54,26715.82,26820.25,26820.25,217780000.00,
1,27004.11,27015.07,26803.84,26891.12,26891.12,229180000.00,
1,26866.71,27016.56,26755.86,26970.71,26970.71,237220000.00,
1,27034.07,27079.68,26704.96,26807.77,26807.77,301750000.00,
1,26851.45,27011.07,26831.34,26949.99,26949.99,204240000.00,
1,27102.18,27194.75,26926.68,26935.07,26935.07,497640000.00,
1,27186.05,27272.17,27064.21,27094.79,27094.79,212360000.00,
1,27075.39,27161.93,26899.15,27147.08,27147.08,212860000.00,
1,27010.12,27110.8,26984.14,27110.8,27110.8,223580000.00,
1,27146.06,27172.87,27032.56,27076.82,27076.82,220620000.00,
1,27216.67,27277.55,27193.95,27219.52,27219.52,255260000.00,
1,27197.32,27306.73,27105.01,27182.45,27182.45,250010000.00,
1,26928.05,27137.04,26885.48,27137.04,27137.04,272590000.00,
1,26805.83,26909.43,26717.05,26909.43,26909.43,322340000.00,
1,26866.23,26900.83,26762.18,26835.51,26835.51,273120000.00,
1,26790.25,26860.87,26708.39,26797.46,26797.46,209700000.00,
1,26603.15,26836.3,26603.15,26728.15,26728.15,256670000.00,
1,26301.99,26362.35,26244.44,26355.47,26355.47,202710000.00,
1,26198.26,26198.26,25978.22,26118.02,26118.02,223210000.00,
1,26476.39,26514.62,26295.59,26403.28,26403.28,216160000.00,
1,26249.09,26408.84,26185.71,26362.25,26362.25,208650000.00,
1,25712.99,26041.57,25637.43,26036.1,26036.1,207070000.00,
1,26014.46,26054.02,25721.85,25777.9,25777.9,263530000.00,
1,25826.05,25941.25,25716.39,25898.83,25898.83,222780000.00,
1,26134.21,26320.29,25507.18,25628.9,25628.9,364260000.00,
1,26271.64,26388.78,26099.01,26252.24,26252.24,222810000.00,
1,26145.36,26268.32,26141.77,26202.73,26202.73,208790000.00,
1,26086.86,26160.12,25952,25962.44,25962.44,238100000.00,
1,26020.06,26222.32,26020.06,26135.79,26135.79,252640000.00,
1,25678.17,25929.65,25678.17,25886.01,25886.01,276210000.00,
1,25514.25,25639.69,25339.6,25579.39,25579.39,332600000.00,
1,26035.08,26035.08,25471.59,25479.42,25479.42,352250000.00,
1,25888.88,26426.97,25833.25,26279.91,26279.91,308900000.00,
1,26169.91,26178.95,25824.94,25896.44,25896.44,199390000.00,
1,26337.09,26413.36,26097.64,26287.44,26287.44,240260000.00,
1,26086.52,26383.61,26038.1,26378.19,26378.19,282530000.00,
1,25814.22,26073.21,25440.39,26007.07,26007.07,344790000.00,
1,25810.62,26038.68,25710.87,26029.52,26029.52,318160000.00,
1,26259.23,26259.23,25523.38,25717.74,25717.74,422240000.00,
1,26528.66,26570.02,26249.22,26485.01,26485.01,327640000.00,
1,26879.86,27175.59,26548.71,26583.42,26583.42,386320000.00,
1,27244.67,27281.65,26719.6,26864.27,26864.27,385150000.00,
1,27145.39,27224.36,27069.86,27198.02,27198.02,293250000.00,
1,27192.24,27275.85,27178.06,27221.35,27221.35,250850000.00,
1,27166,27213.7,27123.25,27192.45,27192.45,233650000.00,
1,27247.39,27298.43,27062.48,27140.98,27140.98,241420000.00,
1,27262.24,27291.04,27191.12,27269.97,27269.97,244320000.00,
1,27231.86,27368.81,27204.58,27349.19,27349.19,248850000.00,
1,27174.18,27227.77,27088.9,27171.9,27171.9,216310000.00,
1,27246.38,27342.96,27145.78,27154.2,27154.2,287690000.00,
1,27191.98,27266.81,27068.79,27222.97,27222.97,216070000.00,
1,27320.91,27343.06,27218.38,27219.85,27219.85,193930000.00,
1,27349.32,27398.68,27290.24,27335.63,27335.63,226000000.00,
1,27364.69,27364.69,27294.17,27359.16,27359.16,199730000.00,
1,27139.49,27333.79,27135.45,27332.03,27332.03,248390000.00,
1,26950.16,27088.45,26916.32,27088.08,27088.08,252300000.00,
1,26851.96,26983.45,26813.11,26860.2,26860.2,207990000.00,
1,26725.12,26807.7,26665.57,26783.49,26783.49,218330000.00,
1,26835.64,26839.14,26744.87,26806.14,26806.14,214290000.00,
1,26867.75,26950.81,26733.33,26922.12,26922.12,192170000.00,
1,26832.32,26966,26831.44,26966,26966,149840000.00,
1,26719.53,26787.56,26632.65,26786.68,26786.68,219270000.00,
1,26805.86,26890.64,26616.21,26717.43,26717.43,267670000.00,
1,26605.93,26638.35,26522.27,26599.96,26599.96,499350000.00,
1,26523.72,26607.24,26465.32,26526.58,26526.58,246930000.00,
1,26599.42,26660.04,26536.33,26536.82,26536.82,274340000.00,
1,26731.61,26752.31,26527.66,26548.22,26548.22,282160000.00,
1,26727.61,26806.52,26723.37,26727.54,26727.54,232390000.00,
1,26749.12,26907.37,26705.87,26719.13,26719.13,485560000.00,
1,26665.38,26798.63,26539.69,26753.17,26753.17,278170000.00,
1,26490.16,26569.75,26415.05,26504,26504,240950000.00,
1,26228.9,26527.19,26227.8,26465.54,26465.54,273490000.00,
1,26108.53,26165.78,26049.8,26112.53,26112.53,199500000.00,
1,26076.36,26162.28,25988.09,26089.61,26089.61,208020000.00,
1,26036.94,26146.91,25995.71,26106.77,26106.77,213400000.00,
1,26040.3,26082.1,25958.66,26004.83,26004.83,223690000.00,
1,26180.59,26248.67,25998.87,26048.51,26048.51,253490000.00,
1,26090.22,26210.61,26054.31,26062.68,26062.68,249280000.00,
1,25768.72,26072.75,25768.72,25983.94,25983.94,263010000.00,
1,25567.45,25800.3,25518.05,25720.66,25720.66,248070000.00,
1,25451,25544.66,25373.58,25539.57,25539.57,262660000.00,
1,24962.82,25343.77,24962.82,25332.18,25332.18,281690000.00,
1,24830.16,24935.21,24680.57,24819.78,24819.78,328240000.00,
1,25046.31,25046.31,24809.51,24815.04,24815.04,292230000.00,
1,25139.94,25218.54,25066.75,25169.88,25169.88,215240000.00,
1,25231.46,25231.46,24938.24,25126.41,25126.41,298930000.00,
1,25616.55,25717.63,25342.28,25347.77,25347.77,358980000.00,
