5/28/2019,7.85,7.99,7.74,7.74,7.74,2732800
5/29/2019,7.73,7.75,7.39,7.57,7.57,4127700
5/30/2019,7.57,7.7,7.53,7.6,7.6,2695200
5/31/2019,7.47,7.66,7.32,7.58,7.58,3983100
6/3/2019,7.58,7.65,7.42,7.47,7.47,5229100
6/4/2019,7.58,7.85,7.52,7.82,7.82,10430100
6/5/2019,5.49,5.59,4.71,5.04,5.04,39354200
6/6/2019,4.98,5.13,4.84,5.13,5.13,13558000
6/7/2019,5.13,5.23,4.99,5.02,5.02,10591300
6/10/2019,5.37,5.55,5.29,5.44,5.44,18926500
6/11/2019,5.53,5.85,5.49,5.72,5.72,13423800
6/12/2019,5.68,5.8,5.5,5.5,5.5,4914300
6/13/2019,5.55,5.73,5.49,5.7,5.7,5840800
6/14/2019,5.7,5.83,5.61,5.63,5.63,5304600
6/17/2019,5.63,5.81,5.6,5.7,5.7,3686500
6/18/2019,5.71,5.83,5.67,5.73,5.73,4070400
6/19/2019,5.75,5.75,5.61,5.63,5.63,2973300
6/20/2019,5.66,5.69,5.52,5.53,5.53,3933800
6/21/2019,5.52,5.52,5.31,5.42,5.42,8954300
6/24/2019,5.41,5.47,5.28,5.37,5.37,4823300
6/25/2019,5.34,5.53,5.32,5.45,5.45,3085400
6/26/2019,5.47,5.52,5.38,5.47,5.47,3551800
6/27/2019,5.46,5.59,5.43,5.54,5.54,3756000
6/28/2019,5.53,5.58,5.44,5.47,5.47,3896400
7/1/2019,5.53,5.57,5.34,5.36,5.36,4310800
7/2/2019,5.35,5.45,5.32,5.38,5.38,5643500
7/3/2019,5.41,5.43,5.27,5.31,5.31,2562100
7/5/2019,5.3,5.64,5.27,5.52,5.52,12894600
7/8/2019,5.5,5.53,5.42,5.45,5.45,6592700
7/9/2019,5.48,5.55,5.28,5.31,5.31,11721900
7/10/2019,5.35,5.37,5.17,5.18,5.18,10853300
7/11/2019,4.98,5.01,4.73,4.84,4.84,16778200
7/12/2019,4.86,4.93,4.81,4.91,4.91,4392200
7/15/2019,4.87,4.89,4.75,4.75,4.75,3068400
7/16/2019,4.76,4.81,4.63,4.63,4.63,5970000
7/17/2019,4.63,4.64,4.33,4.38,4.38,7643100
7/18/2019,4.39,4.42,4.12,4.2,4.2,8585700
7/19/2019,4.22,4.42,4.22,4.32,4.32,10946500
7/22/2019,4.33,4.4,4.12,4.14,4.14,5488700
7/23/2019,4.15,4.2,3.98,4.09,4.09,7703500
7/24/2019,4.08,4.2,4.05,4.08,4.08,6020600
7/25/2019,4.1,4.32,3.97,3.98,3.98,5790000
7/26/2019,4,4.08,3.96,4.01,4.01,3209000
7/29/2019,4.02,4.16,4.02,4.12,4.12,4327100
7/30/2019,4.1,4.13,3.9,4.03,4.03,5271400
7/31/2019,4.03,4.18,4,4.02,4.02,5208900
8/1/2019,4.02,4.06,3.78,3.84,3.84,5596500
8/2/2019,3.83,3.89,3.75,3.78,3.78,3594700
8/5/2019,3.72,3.75,3.58,3.71,3.71,5681800
8/6/2019,3.73,3.82,3.63,3.81,3.81,5157400
8/7/2019,3.74,3.85,3.66,3.81,3.81,5856100
8/8/2019,3.84,3.91,3.77,3.89,3.89,2306700
8/9/2019,3.83,3.86,3.59,3.59,3.59,3079400
8/12/2019,3.58,3.62,3.44,3.51,3.51,2677600
8/13/2019,3.48,3.76,3.47,3.47,3.47,4504500
8/14/2019,3.39,3.42,3.19,3.32,3.32,6081900
8/15/2019,3.32,3.41,3.15,3.21,3.21,5888400
8/16/2019,3.25,3.36,3.21,3.32,3.32,3130700
8/19/2019,3.37,3.47,3.34,3.38,3.38,2887500
8/20/2019,3.35,3.46,3.28,3.42,3.42,4260000
8/21/2019,3.5,3.62,3.44,3.54,3.54,5910900
8/22/2019,3.97,4.25,3.72,3.87,3.87,29177300
8/23/2019,3.84,3.9,3.56,3.65,3.65,8660900
8/26/2019,3.72,4.04,3.65,3.82,3.82,10319400
8/27/2019,3.87,3.93,3.68,3.7,3.7,5701000
8/28/2019,3.7,3.97,3.67,3.88,3.88,6439200
8/29/2019,3.93,4.29,3.75,4.23,4.23,13363500
8/30/2019,4.26,4.36,3.92,3.97,3.97,10634600
9/3/2019,3.97,4.07,3.66,3.81,3.81,9044400
9/4/2019,3.88,4,3.85,3.98,3.98,4227100
9/5/2019,4.08,4.24,4.07,4.23,4.23,6892000
9/6/2019,4.24,4.36,4.14,4.31,4.31,6701500
9/9/2019,4.35,4.92,4.35,4.76,4.76,14578800
9/10/2019,4.87,5.1,4.51,5.09,5.09,16659200
9/11/2019,4.19,4.95,3.97,4.59,4.59,34005000
9/12/2019,4.6,4.81,4.43,4.58,4.58,8908700
9/13/2019,4.62,4.77,4.37,4.41,4.41,7662200
9/16/2019,4.3,4.47,4.27,4.35,4.35,6761300
9/17/2019,4.3,4.34,4.13,4.33,4.33,6406000
9/18/2019,4.33,4.69,4.33,4.6,4.6,9796200
9/19/2019,4.64,4.67,4.42,4.44,4.44,7860300
9/20/2019,4.59,4.8,4.5,4.7,4.7,11603800
9/23/2019,4.68,5.2,4.61,5.02,5.02,12474000
9/24/2019,5.14,5.5,4.98,5.01,5.01,13097900
9/25/2019,5.09,5.55,5.08,5.2,5.2,12164300
9/26/2019,5.19,5.34,5.08,5.28,5.28,6080900
9/27/2019,5.25,5.45,5.22,5.34,5.34,5548500
9/30/2019,5.43,5.64,5.4,5.52,5.52,8919800
10/1/2019,5.64,5.82,5.49,5.58,5.58,6592400
10/2/2019,5.55,5.55,5.24,5.32,5.32,8154900
10/3/2019,5.3,5.48,5.23,5.42,5.42,4346700
10/4/2019,5.43,5.56,5.37,5.55,5.55,4213100
10/7/2019,5.48,5.58,5.41,5.49,5.49,4154800
10/8/2019,5.43,5.44,5.16,5.23,5.23,4823100
10/9/2019,5.25,5.3,4.96,4.99,4.99,5809600
10/10/2019,5.02,5.15,4.96,5.05,5.05,5228000
10/11/2019,5.14,5.49,5.14,5.37,5.37,5909200
10/14/2019,5.32,5.59,5.22,5.58,5.58,5273900
10/15/2019,5.6,5.91,5.59,5.61,5.61,6350900
10/16/2019,5.58,5.91,5.58,5.88,5.88,3868700
10/17/2019,5.89,6.05,5.8,6.03,6.03,3606600
10/18/2019,6.03,6.05,5.77,5.94,5.94,3197100
10/21/2019,5.98,6.16,5.82,5.93,5.93,3611600
10/22/2019,5.93,6.44,5.93,6.39,6.39,4174500
10/23/2019,6.33,6.62,6.23,6.43,6.43,4071400
10/24/2019,6.5,6.55,6.03,6.42,6.42,4268200
10/25/2019,6.32,6.43,6.25,6.35,6.35,2645400
10/28/2019,6.38,6.49,6.17,6.19,6.19,2854700
10/29/2019,6.21,6.25,5.79,5.81,5.81,3918800
10/30/2019,5.76,5.83,5.52,5.73,5.73,3739500
10/31/2019,5.63,5.69,5.31,5.44,5.44,4358600
11/1/2019,5.45,6,5.43,5.84,5.84,5210400
11/4/2019,5.9,6.02,5.77,5.85,5.85,3670000
11/5/2019,5.88,6.2,5.86,5.91,5.91,3374100
11/6/2019,5.9,6.19,5.82,6.09,6.09,4128300
11/7/2019,6.18,6.32,6.04,6.22,6.22,3129300
11/8/2019,6.17,6.28,6.05,6.09,6.09,1968700
11/11/2019,6.05,6.09,5.77,6.02,6.02,3109400
11/12/2019,6.03,6.07,5.87,5.92,5.92,1834500
11/13/2019,5.91,5.97,5.81,5.94,5.94,1533600
11/14/2019,5.95,6.11,5.9,5.98,5.98,1708700
11/15/2019,6,6.01,5.85,5.88,5.88,2165900
11/18/2019,5.85,5.85,5.61,5.62,5.62,2995900
11/19/2019,5.57,5.66,5.45,5.5,5.5,3360500
11/20/2019,5.54,5.54,5.36,5.46,5.46,2666700
11/21/2019,5.46,5.58,5.35,5.5,5.5,2784000
11/22/2019,5.59,5.85,5.5,5.66,5.66,3493100
11/25/2019,5.67,6.06,5.63,6.03,6.03,2744900
11/26/2019,6.03,6.26,6.01,6.1,6.1,2648700
11/27/2019,6.1,6.39,6.02,6.35,6.35,3030000
11/29/2019,6.33,6.39,6.24,6.34,6.34,1369000
12/2/2019,6.35,6.46,6.09,6.17,6.17,2060600
12/3/2019,6.04,6.18,5.93,6.12,6.12,2214900
12/4/2019,6.17,6.49,6.12,6.43,6.43,2872400
12/5/2019,6.32,6.52,6.24,6.4,6.4,4381400
12/6/2019,6.39,6.68,6.39,6.68,6.68,4757300
12/9/2019,6.65,6.92,6.19,6.33,6.33,6250600
12/10/2019,6.29,6.54,6.12,6.51,6.51,9594900
12/11/2019,5.25,5.81,5.18,5.53,5.53,19517800
12/12/2019,5.46,5.71,5.41,5.58,5.58,6387300
12/13/2019,5.47,5.62,5.24,5.45,5.45,5439000
12/16/2019,5.39,5.59,5.39,5.5,5.5,4406900
12/17/2019,5.5,6.08,5.49,6.06,6.06,4141400
12/18/2019,6.06,6.27,5.93,6.16,6.16,5264100
12/19/2019,6.21,6.24,6.03,6.06,6.06,4452000
12/20/2019,6.06,6.22,5.96,5.99,5.99,5484600
12/23/2019,6.05,6.07,5.54,5.61,5.61,6282700
12/24/2019,5.65,5.67,5.44,5.44,5.44,3395500
12/26/2019,5.47,5.51,5.25,5.4,5.4,4264400
12/27/2019,5.42,5.98,5.39,5.9,5.9,11041300
12/30/2019,5.88,6.25,5.76,6.13,6.13,4482100
12/31/2019,6.08,6.39,5.99,6.08,6.08,4322600
1/2/2020,6.14,6.47,6.07,6.31,6.31,4453600
1/3/2020,6.21,6.25,5.84,5.88,5.88,3543900
1/6/2020,5.8,5.91,5.6,5.85,5.85,3394800
1/7/2020,5.77,5.83,5.44,5.52,5.52,5228000
1/8/2020,5.49,5.85,5.41,5.72,5.72,5629400
1/9/2020,5.82,5.82,5.48,5.55,5.55,2643000
1/10/2020,5.56,5.6,5.38,5.43,5.43,2781400
1/13/2020,5.43,5.61,5.33,5.43,5.43,3625200
1/14/2020,4.78,5,4.53,4.71,4.71,12561900
1/15/2020,4.66,4.73,4.55,4.61,4.61,4981100
1/16/2020,4.61,4.71,4.52,4.62,4.62,4287100
1/17/2020,4.58,4.75,4.51,4.75,4.75,4019500
1/21/2020,4.75,4.75,4.55,4.59,4.59,3532100
1/22/2020,4.55,4.64,4.46,4.56,4.56,2627500
1/23/2020,4.55,4.64,4.46,4.62,4.62,1880200
1/24/2020,4.64,4.64,4.25,4.32,4.32,4163600
1/27/2020,4.2,4.35,4.16,4.28,4.28,2122500
1/28/2020,4.3,4.3,4.18,4.21,4.21,2144900
1/29/2020,4.22,4.32,4.13,4.13,4.13,1552600
1/30/2020,4.1,4.12,3.88,3.93,3.93,3006500
1/31/2020,3.91,3.94,3.83,3.84,3.84,2891700
2/3/2020,3.88,3.98,3.85,3.95,3.95,2025600
2/4/2020,4.03,4.25,3.97,4.07,4.07,3563100
2/5/2020,4.15,4.41,4.14,4.18,4.18,2641700
2/6/2020,4.2,4.3,4.14,4.14,4.14,1510300
2/7/2020,4.11,4.13,3.77,3.81,3.81,2742300
2/10/2020,3.85,4.1,3.74,3.94,3.94,2777000
2/11/2020,3.98,4.24,3.95,4.02,4.02,3415000
2/12/2020,4.13,4.51,4.07,4.19,4.19,4820600
2/13/2020,4.12,4.26,4.07,4.11,4.11,2081700
2/14/2020,4.11,4.19,4.02,4.02,4.02,1582700
2/18/2020,4.01,4.08,3.96,4.06,4.06,1467600
2/19/2020,4.06,4.27,3.92,4.15,4.15,2593100
2/20/2020,4.16,4.3,4.11,4.14,4.14,1562300
2/21/2020,4.12,4.18,3.99,4.04,4.04,1695700
2/24/2020,3.9,3.93,3.7,3.7,3.7,3566300
2/25/2020,3.77,3.79,3.55,3.56,3.56,4447900
2/26/2020,3.58,3.62,3.36,3.39,3.39,4724800
2/27/2020,3.23,3.63,3.18,3.47,3.47,3879500
2/28/2020,3.34,3.72,3.34,3.6,3.6,4692200
3/2/2020,3.6,3.85,3.39,3.83,3.83,3208400
3/3/2020,3.88,3.89,3.5,3.63,3.63,4282500
3/4/2020,3.71,3.83,3.46,3.77,3.77,4257600
3/5/2020,3.7,3.99,3.59,3.96,3.96,3599400
3/6/2020,3.84,4.07,3.76,3.92,3.92,2096800
3/9/2020,3.59,3.97,3.5,3.7,3.7,2732000
3/10/2020,3.94,4.26,3.8,4.23,4.23,4863200
3/11/2020,4.14,4.25,4,4.14,4.14,4414100
3/12/2020,3.7,4.04,3.48,3.98,3.98,5123400
3/13/2020,4.13,4.65,3.85,4.59,4.59,5787200
3/16/2020,3.93,4.57,3.9,4.37,4.37,4866700
3/17/2020,4.4,4.65,4.11,4.23,4.23,3562200
3/18/2020,4.1,4.25,3.5,3.77,3.77,3651700
3/19/2020,3.71,4.2,3.55,4.19,4.19,5039500
3/20/2020,4.08,4.08,3.65,3.76,3.76,7722200
3/23/2020,3.58,3.86,3.5,3.81,3.81,6009800
3/24/2020,3.95,4.21,3.89,4.16,4.16,6805600
3/25/2020,4.15,4.49,4.04,4.17,4.17,3592100
3/26/2020,4.24,4.71,4.24,4.41,4.41,6185700
3/27/2020,4.94,5.09,4.15,4.22,4.22,7024800
3/30/2020,4.22,4.27,3.65,3.65,3.65,3350600
3/31/2020,3.63,3.8,3.5,3.5,3.5,2300900
4/1/2020,3.45,3.49,3.12,3.25,3.25,4568700
4/2/2020,3.26,3.35,2.85,2.85,2.85,4064300
4/3/2020,2.85,2.94,2.57,2.8,2.8,3830400
4/6/2020,2.86,3.2,2.83,3.09,3.09,3340500
4/7/2020,3.39,3.44,3.1,3.27,3.27,2836900
4/8/2020,3.23,3.67,3.2,3.41,3.41,2884500
4/9/2020,3.6,4.25,3.49,3.89,3.89,5908600
4/13/2020,4.25,4.76,4.16,4.74,4.74,6844500
4/14/2020,5.21,6.47,5.14,5.95,5.95,13506600
4/15/2020,5.66,5.67,4.9,5.27,5.27,7499900
4/16/2020,5.12,5.44,4.88,5.03,5.03,3371900
4/17/2020,5.22,5.28,4.43,4.88,4.88,5653200
4/20/2020,4.85,5.9,4.78,5.61,5.61,6085000
4/21/2020,5.23,5.3,4.76,4.78,4.78,4142100
4/22/2020,5.14,5.17,4.83,4.89,4.89,2677800
4/23/2020,4.75,4.89,4.58,4.7,4.7,2265900
4/24/2020,4.78,4.85,4.66,4.77,4.77,2236200
4/27/2020,4.85,5.99,4.81,5.82,5.82,7275100
4/28/2020,5.92,6.04,5.06,5.64,5.64,5200200
4/29/2020,5.83,6.09,5.45,6.04,6.04,3369600
4/30/2020,5.87,5.98,5.64,5.73,5.73,2173300
5/1/2020,5.65,6.18,5.45,6.05,6.05,4005600
5/4/2020,5.84,5.93,5.4,5.48,5.48,4068100
5/5/2020,5.55,5.63,5.35,5.39,5.39,2105900
5/6/2020,5.4,5.4,4.9,4.93,4.93,3369600
5/7/2020,4.83,4.93,4.65,4.87,4.87,2500800
5/8/2020,4.88,5.19,4.82,4.98,4.98,2352600
5/11/2020,4.92,4.96,4.75,4.76,4.76,1699200
5/12/2020,4.78,4.92,4.46,4.54,4.54,2639200
5/13/2020,4.54,4.54,4.07,4.21,4.21,2882900
5/14/2020,4.15,4.19,3.96,4.13,4.13,2004900
5/15/2020,4.05,4.45,4.04,4.22,4.22,1940600
5/18/2020,4.4,4.63,4.36,4.58,4.58,2364200
5/19/2020,4.58,4.75,4.37,4.44,4.44,1840700
5/20/2020,4.5,4.69,4.34,4.43,4.43,2543600
5/21/2020,4.45,4.65,4.4,4.44,4.44,1971900
5/22/2020,4.46,4.49,4.13,4.18,4.18,2379900
5/26/2020,4.34,4.61,4.33,4.42,4.42,3545700
5/27/2020,4.57,4.71,4.36,4.69,4.69,3146600
5/28/2020,4.75,4.76,4.3,4.33,4.33,2183900
5/29/2020,4.33,4.42,4.05,4.06,4.06,3961700
6/1/2020,4.12,4.36,4.02,4.13,4.13,2611600
6/2/2020,4.27,4.31,4.06,4.18,4.18,2369400
6/3/2020,4.24,4.52,4.2,4.44,4.44,3037400
6/4/2020,4.44,4.72,4.37,4.47,4.47,3514300
6/5/2020,4.29,4.41,4.09,4.14,4.14,6274400
6/8/2020,4.28,5.14,4.27,5.01,5.01,10133700
6/9/2020,5,5,4.55,4.96,4.96,8073400
6/10/2020,4.78,5.53,4.68,5.07,5.07,10606400
6/11/2020,4.64,4.9,4.18,4.37,4.37,6236000
6/12/2020,4.6,4.78,4.39,4.72,4.72,4378200
6/15/2020,4.5,4.77,4.42,4.69,4.69,3909000
6/16/2020,4.95,4.95,4.51,4.64,4.64,3121300
6/17/2020,4.54,4.83,4.53,4.76,4.76,3593500
6/18/2020,4.67,4.95,4.65,4.95,4.95,3423800
6/19/2020,4.95,5.08,4.69,4.88,4.88,7366600
6/22/2020,4.79,4.95,4.72,4.87,4.87,3178900
6/23/2020,4.95,4.99,4.8,4.83,4.83,3205400
6/24/2020,4.83,4.84,4.38,4.41,4.41,2976200
6/25/2020,4.33,4.54,4.3,4.46,4.46,2450800
6/26/2020,4.48,4.5,4.27,4.35,4.35,3801200
6/29/2020,4.35,4.52,4.3,4.38,4.38,2131200
6/30/2020,4.33,4.51,4.2,4.34,4.34,3889000
7/1/2020,4.31,4.5,4.31,4.44,4.44,2303700
7/2/2020,4.49,4.51,4.29,4.29,4.29,1887600
7/6/2020,4.31,4.34,4.19,4.24,4.24,2140900
7/7/2020,4.2,4.25,4.06,4.09,4.09,2456600
7/8/2020,4.1,4.29,4.03,4.26,4.26,2052800
7/9/2020,4.27,4.32,4.13,4.21,4.21,1992600
7/10/2020,4.2,4.38,4.18,4.34,4.34,1410800
7/13/2020,4.35,4.55,4.26,4.26,4.26,4216200
7/14/2020,4.22,4.31,4.07,4.08,4.08,2261600
7/15/2020,4.13,4.29,4.13,4.19,4.19,1474100
7/16/2020,4.19,4.2,4.09,4.17,4.17,1330100
7/17/2020,4.16,4.23,3.94,3.96,3.96,3065900
7/20/2020,3.95,4.06,3.77,3.85,3.85,3401100
7/21/2020,3.9,4.09,3.88,4.01,4.01,3337900
7/22/2020,4.02,4.12,3.92,4.11,4.11,2523500
7/23/2020,4.09,4.31,4.06,4.11,4.11,3237200
7/24/2020,4.06,4.23,4.01,4.03,4.03,2215900
7/27/2020,4.02,4.12,3.95,4.01,4.01,2472700
7/28/2020,3.96,4.05,3.92,3.94,3.94,4555400
7/29/2020,3.94,4.18,3.92,4.06,4.06,2879600
7/30/2020,4,4.23,3.97,4.1,4.1,2398500
7/31/2020,4.06,4.16,3.99,4.01,4.01,1879400
8/3/2020,4.03,4.25,4,4.15,4.15,2517600
8/4/2020,4.13,4.74,4.13,4.43,4.43,10361400
8/5/2020,4.5,4.76,4.25,4.63,4.63,4919300
8/6/2020,4.6,4.66,4.38,4.43,4.43,1901200
8/7/2020,4.39,4.4,4.06,4.16,4.16,3341100
8/10/2020,4.2,4.57,4.18,4.33,4.33,4561800
8/11/2020,4.43,4.57,4.34,4.35,4.35,3138800
8/12/2020,4.4,4.63,4.36,4.52,4.52,3057600
8/13/2020,4.52,4.71,4.5,4.64,4.64,2128300
8/14/2020,4.6,4.83,4.55,4.75,4.75,3474400
8/17/2020,4.78,4.78,4.56,4.63,4.63,2371000
8/18/2020,4.61,4.87,4.43,4.81,4.81,3834400
8/19/2020,4.8,4.84,4.64,4.72,4.72,2612600
8/20/2020,4.62,4.68,4.51,4.61,4.61,2441200
8/21/2020,4.6,5.6,4.6,5.03,5.03,10642600
8/24/2020,5.1,5.13,4.56,4.87,4.87,4585400
8/25/2020,4.88,5.25,4.88,4.98,4.98,2998700
8/26/2020,4.97,5.22,4.92,5.11,5.11,2779700
8/27/2020,5.11,5.38,5.02,5.25,5.25,3384400
8/28/2020,5.3,5.57,5.22,5.39,5.39,4236900
8/31/2020,5.77,7.15,5.69,6.68,6.68,37976000
9/1/2020,7.3,7.82,6.77,7.65,7.65,23158600
9/2/2020,7.8,8.05,7.11,7.71,7.71,13011100
9/3/2020,7.88,8.45,7.24,7.82,7.82,14344500
9/4/2020,7.78,7.92,7.17,7.65,7.65,7662000
9/8/2020,7.55,8.28,7.48,7.7,7.7,9816600
9/9/2020,7.96,7.99,7.31,7.35,7.35,9068100
9/10/2020,6.65,6.95,6.19,6.23,6.23,15558300
9/11/2020,6.26,6.33,5.87,6.09,6.09,6061200
9/14/2020,6.8,7,6.43,6.91,6.91,10119000
9/15/2020,6.86,7.26,6.69,7.09,7.09,5743500
9/16/2020,7.03,9.04,7.03,8.68,8.68,19256300
9/17/2020,8.57,9.77,8.41,9.2,9.2,17026700
9/18/2020,9.2,9.77,8.91,9.47,9.47,17407500
9/21/2020,9.35,9.6,8.38,8.75,8.75,7639800
9/22/2020,10.45,11.17,9.9,10.56,10.56,34752500
9/23/2020,10.6,10.86,9.92,10.04,10.04,10651200
9/24/2020,9.71,9.81,9.01,9.14,9.14,7938800
9/25/2020,9.19,10.18,9.1,10.02,10.02,7515200
9/28/2020,10.16,10.26,9.55,10.09,10.09,6764300
9/29/2020,10,10.65,9.93,10.35,10.35,5237600
9/30/2020,10.25,10.76,10.06,10.2,10.2,6079000
10/1/2020,10.09,10.25,9.69,9.77,9.77,4554100
10/2/2020,9.38,9.78,9.3,9.39,9.39,4340500
10/5/2020,9.44,9.59,9.25,9.46,9.46,2805000
10/6/2020,9.56,9.84,9.1,9.13,9.13,4535400
10/7/2020,9.23,9.56,9.17,9.36,9.36,3308600
10/8/2020,9.54,13.64,9.19,13.49,13.49,76453600
10/9/2020,12.83,14.8,11.9,12.02,12.02,77152800
10/12/2020,11.66,12.77,11.4,11.8,11.8,23655700
10/13/2020,11.73,12.42,11.65,11.88,11.88,10179700
10/14/2020,12.67,12.68,12.05,12.25,12.25,10761400
10/15/2020,11.99,15.1,11.99,13.83,13.83,39894800
10/16/2020,13.77,13.9,13.08,13.31,13.31,11651600
10/19/2020,13.44,14.5,13.38,13.91,13.91,13169100
10/20/2020,14.03,14.14,13.67,13.86,13.86,6604000
10/21/2020,13.9,14.42,13.8,14.1,14.1,5361900
10/22/2020,14.2,15.87,14.19,14.91,14.91,16212200
10/23/2020,15.05,15.38,14.55,15,15,6507300
10/26/2020,14.93,15.45,13.26,13.45,13.45,13376300
10/27/2020,13.71,13.71,12.36,12.69,12.69,7231000
10/28/2020,12.27,13.05,11.78,11.82,11.82,6388600
10/29/2020,11.88,12.25,11.68,11.73,11.73,4165800
10/30/2020,11.64,11.64,10.36,10.47,10.47,11546900
11/2/2020,10.82,11.09,10.5,10.75,10.75,5227000
11/3/2020,10.75,11.86,10.63,11.57,11.57,7454500
11/4/2020,11.76,11.77,10.61,10.91,10.91,5807900
11/5/2020,11.27,11.84,11.06,11.45,11.45,4705200
11/6/2020,11.52,12.17,11.32,11.86,11.86,5518200
11/9/2020,12.76,12.93,11.25,11.49,11.49,6244900
11/10/2020,11.5,11.66,10.83,11.1,11.1,3826000
11/11/2020,11.5,11.95,11.21,11.75,11.75,4882600
11/12/2020,11.74,11.87,10.97,11.13,11.13,4353300
11/13/2020,11.36,11.55,11,11.01,11.01,3535900
11/16/2020,11.16,12.66,10.72,12.06,12.06,9774800
11/17/2020,11.65,11.92,11.23,11.63,11.63,6678200
11/18/2020,11.8,12.04,11.56,11.57,11.57,3169200
11/19/2020,11.6,12.79,11.45,12.46,12.46,11787600
11/20/2020,12.55,13.46,12.54,12.71,12.71,8395400
11/23/2020,12.9,14.12,12.67,13.9,13.9,9599100
11/24/2020,14.23,14.26,13.3,13.67,13.67,7183200
11/25/2020,13.6,15.25,13.42,14.75,14.75,8860100
11/27/2020,15.29,16.74,14.88,16.08,16.08,12504200
11/30/2020,18.17,19.42,16.559999,16.559999,16.559999,31983500
12/1/2020,17.110001,17.4,15.76,15.8,15.8,12653900
12/2/2020,15.7,16.68,15.38,16.58,16.58,7883400
12/3/2020,16.48,16.639999,15.87,16.120001,16.120001,6295000
12/4/2020,16.299999,17.290001,16.26,16.9,16.9,8972700
12/7/2020,17,17.5,16.219999,16.35,16.35,7386300
12/8/2020,16.370001,17.209999,15.93,16.940001,16.940001,16120200
12/9/2020,13.92,14.73,13.23,13.66,13.66,24357900
12/10/2020,13.12,14.41,13.05,14.12,14.12,7558900
12/11/2020,13.91,14,13.02,13.31,13.31,7496900
12/14/2020,13.34,13.43,12.14,12.72,12.72,10007100
12/15/2020,12.78,14.02,12.48,13.85,13.85,8189800
12/16/2020,13.96,14.31,13.58,13.85,13.85,5865100
12/17/2020,13.96,14.98,13.59,14.83,14.83,8194900
12/18/2020,15.78,16.299999,15.18,15.63,15.63,16618800
12/21/2020,15.81,16.35,15.28,15.53,15.53,9876100
12/22/2020,16.219999,20.040001,16.15,19.459999,19.459999,30652700
12/23/2020,20.17,22.35,19.129999,20.57,20.57,25830300
12/24/2020,21.01,21.48,19.950001,20.15,20.15,6262200
12/28/2020,21.309999,21.969999,20.35,20.99,20.99,8965900
12/29/2020,20.82,21.07,18.559999,19.379999,19.379999,9241400
12/30/2020,19.379999,20,18.85,19.26,19.26,5934400
12/31/2020,19.25,19.799999,18.799999,18.84,18.84,6922700
1/4/2021,19,19.1,17.15,17.25,17.25,10022500
1/5/2021,17.35,18.08,17.23,17.370001,17.370001,4961500
1/6/2021,17.34,18.98,17.33,18.360001,18.360001,6056200
1/7/2021,18.469999,19.450001,18.02,18.08,18.08,6129300
1/8/2021,18.18,18.299999,17.08,17.690001,17.690001,6482000
1/11/2021,19.41,20.65,19.01,19.940001,19.940001,14908000
1/12/2021,19.959999,20.4,19.32,19.950001,19.950001,7060700
1/13/2021,20.42,38.650002,20.030001,31.4,31.4,144501700
1/14/2021,38.09,43.060001,33.049999,39.91,39.91,93717400
1/15/2021,38.490002,40.75,34.009998,35.5,35.5,46866400
1/19/2021,41.549999,45.52,36.639999,39.360001,39.360001,74721900
1/20/2021,37.369999,41.189999,36.060001,39.119999,39.119999,33471800
1/21/2021,39.23,44.75,37,43.029999,43.029999,56216900
1/22/2021,42.59,76.760002,42.32,65.010002,65.010002,197157900
1/25/2021,96.730003,159.179993,61.130001,76.790001,76.790001,177874000
1/26/2021,88.559998,150,80.199997,147.979996,147.979996,178588000
1/27/2021,354.829987,380,249,347.51001,347.51001,93396700
1/28/2021,265,483,112.25,193.600006,193.600006,58815800
1/29/2021,379.709991,413.980011,250,325,325,50566100
2/1/2021,316.559998,322,212,225,225,37382200
2/2/2021,140.759995,158,74.220001,90,90,78183100
2/3/2021,112.010002,113.400002,85.25,92.410004,92.410004,42698500
2/4/2021,91.190002,91.5,53.330002,53.5,53.5,62427300
2/5/2021,54.040001,95,51.09,63.77,63.77,81345000
2/8/2021,72.410004,72.660004,58.02,60,60,25687300
2/9/2021,56.610001,57,46.52,50.310001,50.310001,26843100
2/10/2021,50.77,62.830002,46.549999,51.200001,51.200001,36455000
2/11/2021,50.009998,55.32,48.220001,51.099998,51.099998,13056700
2/12/2021,50.75,55.240002,48.049999,52.400002,52.400002,14573300
2/16/2021,52.66,53.5,49.040001,49.509998,49.509998,8175000
2/17/2021,49.77,51.189999,44.560001,45.939999,45.939999,9186800
2/18/2021,48.490002,48.869999,40.650002,40.689999,40.689999,23990600
2/19/2021,41.279999,43.889999,38.5,40.59,40.59,14828200
2/22/2021,46.689999,48.509998,42.400002,46,46,19476000
2/23/2021,44.970001,46.23,40,44.970001,44.970001,7565200
2/24/2021,44.700001,91.709999,44.700001,91.709999,91.709999,83111700
2/25/2021,169.559998,184.679993,101,108.730003,108.730003,150308800
2/26/2021,117.459999,142.899994,86,101.739998,101.739998,92194200
3/1/2021,104.540001,133.990005,99.970001,120.400002,120.400002,49794000
3/2/2021,116.93,133.199997,112.199997,118.18,118.18,33783000
3/3/2021,122.510002,127.75,113.120003,124.18,124.18,19273900
3/4/2021,125,147.869995,115.300003,132.350006,132.350006,32606900
3/5/2021,128.169998,151.529999,127.5,137.740005,137.740005,30733700
3/8/2021,154.889999,210.869995,146.100006,194.5,194.5,63565600
3/9/2021,217.710007,249.850006,208.509995,246.899994,246.899994,39099300
3/10/2021,269.429993,348.5,172,265,265,71570600
3/11/2021,241.639999,281.5,232.600006,260,260,28312500
3/12/2021,275,295.5,262.269989,264.5,264.5,25845900
3/15/2021,277.519989,283,206,220.139999,220.139999,24100400
3/16/2021,203.160004,220.699997,172.350006,208.169998,208.169998,35422900
3/17/2021,217.839996,231.470001,204,209.809998,209.809998,16481600
3/18/2021,214,218.880005,195.649994,201.75,201.75,11764900
3/19/2021,195.729996,227,182.660004,200.270004,200.270004,24677300
3/22/2021,205.259995,210.360001,186.199997,194.490005,194.490005,10061500
3/23/2021,197.5,201.75,177.550003,181.75,181.75,14429100
3/24/2021,157.979996,166.970001,118.620003,120.339996,120.339996,24177900
3/25/2021,123.489998,187.5,116.900002,183.75,183.75,50962300
3/26/2021,197.679993,218.929993,163.259995,181,181,37430700
3/29/2021,180.75,193.919998,173.509995,181.300003,181.300003,10042200
3/30/2021,187.5,204.300003,182,194.460007,194.460007,17094900
3/31/2021,197.5,199.460007,187.110001,189.820007,189.820007,8393800
4/1/2021,193.360001,196.970001,183.600006,191.449997,191.449997,9334300
4/5/2021,171,195,164.809998,186.949997,186.949997,14070500
4/6/2021,185.210007,192,183.559998,184.5,184.5,6218300
4/7/2021,183.220001,184.5,176.110001,177.970001,177.970001,4768300
4/8/2021,185.880005,185.880005,164.300003,170.259995,170.259995,10047400
4/9/2021,169.699997,171.580002,153,158.360001,158.360001,9462400
4/12/2021,158.110001,163.899994,135.009995,141.089996,141.089996,16683600
4/13/2021,141.880005,145.380005,132,140.990005,140.990005,6806900
4/14/2021,143.570007,174.089996,143,166.529999,166.529999,21138100
4/15/2021,163,166.25,152.800003,156.440002,156.440002,7856800
4/16/2021,156,160.199997,151.25,154.690002,154.690002,5214700
4/19/2021,171.800003,175.199997,162.330002,164.369995,164.369995,10520200
4/20/2021,164.139999,164.889999,153.360001,158.529999,158.529999,4658600
4/21/2021,158.399994,162.979996,155.919998,158.509995,158.509995,3812800
4/22/2021,159.100006,159.100006,146.860001,151.169998,151.169998,4345800
4/23/2021,149,153.660004,144.699997,151.179993,151.179993,4029100
4/26/2021,150.979996,174.679993,148.759995,168.929993,168.929993,10532100
4/27/2021,183.550003,188,173.169998,177.770004,177.770004,8932700
4/28/2021,172.100006,181.979996,166.029999,178.580002,178.580002,5788900
4/29/2021,176.559998,180.860001,170.75,176.190002,176.190002,3760300
4/30/2021,175,183.800003,172.699997,173.589996,173.589996,4417200
5/3/2021,177.490005,177.490005,159.610001,162.199997,162.199997,5261000
5/4/2021,159,161.490005,151.800003,160.729996,160.729996,4007500
5/5/2021,161.830002,165.5,158.330002,159.479996,159.479996,1789200
5/6/2021,160.860001,164.720001,155.600006,161.009995,161.009995,2942800
5/7/2021,160.110001,167.410004,157.5,161.110001,161.110001,2930200
5/10/2021,161.309998,161.589996,143,143.220001,143.220001,4806700
5/11/2021,137,150.5,136.5,146.919998,146.919998,4684600
5/12/2021,145.699997,150.5,142.229996,144.789993,144.789993,2731500
5/13/2021,147.440002,169.949997,146.429993,164.5,164.5,8873500
5/14/2021,160,166.470001,156.220001,159.919998,159.919998,4285100
5/17/2021,159.850006,182.5,159,180.600006,180.600006,7462100
5/18/2021,174.539993,189.199997,168.270004,180.669998,180.669998,7738700
5/19/2021,171.990005,178.979996,164.149994,168.830002,168.830002,4825900
5/20/2021,170.789993,174.910004,166.899994,170.490005,170.490005,2478200
5/21/2021,171,179.240005,170.330002,176.789993,176.789993,3648400
5/24/2021,175.850006,188.460007,173.350006,180.009995,180.009995,4664300
5/25/2021,181,217.110001,181,209.429993,209.429993,14887500
5/26/2021,229,248.479996,225.550003,242.559998,242.559998,21078200
