5/28/2019,8802.757813,8807.016602,8634.72168,8719.961914,8719.961914,24226919267,           
5/29/2019,8718.591797,8755.852539,8482.728516,8659.487305,8659.487305,23473479966,
5/30/2019,8661.760742,9008.314453,8221.273438,8319.472656,8319.472656,29246528551,
5/31/2019,8320.286133,8586.65918,8172.550781,8574.501953,8574.501953,25365190957,
6/3/2019,8741.74707,8743.5,8204.185547,8208.995117,8208.995117,22004511436,
6/4/2019,8210.985352,8210.985352,7564.48877,7707.770996,7707.770996,24609731549,
6/5/2019,7704.343262,7901.849121,7668.668457,7824.231445,7824.231445,21760923463,
6/6/2019,7819.633301,7937.34082,7571.471191,7822.023438,7822.023438,19474611077,
6/7/2019,7826.901367,8126.15332,7788.373535,8043.951172,8043.951172,19141423231,
6/10/2019,7692.284668,8031.909668,7586.730957,8000.32959,8000.32959,18689275117,
6/11/2019,8004.243652,8026.394043,7772.803711,7927.714355,7927.714355,17107279932,
6/12/2019,7925.434082,8196.648438,7862.359863,8145.857422,8145.857422,19034432883,
6/13/2019,8145.54541,8311.567383,8087.061035,8230.923828,8230.923828,18669407147,
6/14/2019,8230.898438,8710.636719,8183.393066,8693.833008,8693.833008,19831162906,
6/17/2019,8988.923828,9416.407227,8988.923828,9320.352539,9320.352539,15562951919,
6/18/2019,9335.466797,9348.374023,9004.901367,9081.762695,9081.762695,15848210536,
6/19/2019,9078.727539,9299.621094,9070.395508,9273.521484,9273.521484,15546809946,
6/20/2019,9273.060547,9594.419922,9232.484375,9527.160156,9527.160156,17846823784,
6/21/2019,9525.074219,10144.55664,9525.074219,10144.55664,10144.55664,20624008643,
6/24/2019,10853.74414,11065.89648,10610.42773,11011.10254,11011.10254,19271652365,
6/25/2019,11007.20215,11790.91699,11007.20215,11790.91699,11790.91699,24879684533,
6/26/2019,11778.58106,13796.48926,11755.59766,13016.23145,13016.23145,45105733173,
6/27/2019,13017.125,13311.14453,10491.85254,11182.80664,11182.80664,39977475223,
6/28/2019,11162.16797,12445.17481,10914.49512,12407.33203,12407.33203,35087757766,
7/1/2019,10796.93066,11206.43945,10089.31445,10583.13477,10583.13477,29378589324,
7/2/2019,10588.68359,10912.18848,9737.884766,10801.67773,10801.67773,31015895223,
7/3/2019,10818.15625,11968.07813,10818.15625,11961.26953,11961.26953,30796494294,
7/5/2019,11203.10254,11395.66113,10874.96484,10978.45996,10978.45996,23838480210,
7/8/2019,11446.59668,12345.83301,11393.37402,12285.95801,12285.95801,23482551458,
7/9/2019,12284.32617,12779.13184,12233.26172,12573.8125,12573.8125,28167921523,
7/10/2019,12571.53711,13129.5293,11710.97852,12156.5127,12156.5127,33627574244,
7/11/2019,12139.71387,12144.62305,11158.92285,11358.66211,11358.66211,28595327690,
7/12/2019,11354.29981,11905.48731,11179.14453,11815.98633,11815.98633,23534692797,
7/15/2019,10257.83887,11052.7666,9992.006836,10895.08984,10895.08984,25384047207,
7/16/2019,10896.65332,10996.63281,9448.106445,9477.641602,9477.641602,24151199070,
7/17/2019,9471.213867,9963.134766,9163.134766,9693.802734,9693.802734,24569921549,
7/18/2019,9698.50293,10736.84277,9376.798828,10666.48242,10666.48242,25187024648,
7/19/2019,10653.95606,10716.98047,10229.62891,10530.73242,10530.73242,20727426310,
7/22/2019,10596.94824,10651.79102,10154.92188,10343.10645,10343.10645,16334414913,
7/23/2019,10346.74805,10346.74805,9883.594727,9900.767578,9900.767578,17851916995,
7/24/2019,9887.730469,9908.796875,9614.306641,9811.925781,9811.925781,17398734322,
7/25/2019,9809.09668,10154.25391,9773.957031,9911.841797,9911.841797,15821952090,
7/26/2019,9913.126953,9916.517578,9717.982422,9870.303711,9870.303711,14495714483,
7/29/2019,9548.178711,9681.648438,9472.948242,9519.145508,9519.145508,13791445323,
7/30/2019,9522.329102,9701.759766,9437.335938,9607.423828,9607.423828,13829811132,
7/31/2019,9604.050781,10085.62793,9598.097656,10085.62793,10085.62793,16631520648,
8/1/2019,10077.44238,10446.91992,9922.019531,10399.66895,10399.66895,17165337858,
8/2/2019,10402.04297,10657.95313,10371.01367,10518.17481,10518.17481,17489094082,
8/5/2019,10960.73535,11895.0918,10960.73535,11805.65332,11805.65332,23875988832,
8/6/2019,11811.54492,12273.82129,11290.73145,11478.16895,11478.16895,23635107660,
8/7/2019,11476.19336,12036.99023,11433.70117,11941.96875,11941.96875,22194988641,
8/8/2019,11954.04004,11979.41992,11556.16797,11966.40723,11966.40723,19481591730,
8/9/2019,11953.46973,11970.45801,11709.74512,11862.93652,11862.93652,18339989960,
8/12/2019,11528.18945,11528.18945,11320.95117,11382.61621,11382.61621,13647198229,
8/13/2019,11385.05273,11420.04981,10830.32715,10895.83008,10895.83008,16681503537,
8/14/2019,10889.48731,10889.55664,10028.13574,10051.7041,10051.7041,19990838300,
8/15/2019,10038.42188,10437.41113,9675.316406,10311.5459,10311.5459,22899115082,
8/16/2019,10319.41992,10524.34961,9855.478516,10374.33887,10374.33887,20228207096,
8/19/2019,10350.2832,10916.05371,10313.2041,10916.05371,10916.05371,16038264603,
8/20/2019,10916.34668,10947.04199,10618.96094,10763.23242,10763.23242,15053082175,
8/21/2019,10764.57227,10798.72949,9962.72168,10138.04981,10138.04981,19473084768,
8/22/2019,10142.52148,10232.99609,9831.462891,10131.05566,10131.05566,17097508856,
8/23/2019,10136.30957,10442.44336,10078.19238,10407.96484,10407.96484,15627023886,
8/26/2019,10126.29981,10512.32813,10126.29981,10370.82031,10370.82031,18438654080,
8/27/2019,10372.82617,10381.32813,10087.30078,10185.5,10185.5,14762609503,
8/28/2019,10203.42676,10279.36621,9716.65625,9754.422852,9754.422852,17603790323,
8/29/2019,9756.786133,9756.786133,9421.629883,9510.200195,9510.200195,17045878501,
8/30/2019,9514.844727,9656.124023,9428.302734,9598.173828,9598.173828,13595263986,
9/3/2019,10345.72559,10736.10449,10308.54785,10623.54004,10623.54004,19384917989,
9/4/2019,10621.18066,10762.64453,10434.70996,10594.49316,10594.49316,16742664769,
9/5/2019,10588.18359,10627.26953,10516.41797,10575.5332,10575.5332,14551239508,
9/6/2019,10578.19824,10898.76172,10292.29981,10353.30273,10353.30273,19536574783,
9/9/2019,10443.22852,10450.31152,10144.92969,10334.97461,10334.97461,17595943368,
9/10/2019,10336.4082,10394.35352,10020.57324,10115.97559,10115.97559,14906809639,
9/11/2019,10123.03516,10215.94824,9980.776367,10178.37207,10178.37207,15428063426,
9/12/2019,10176.81934,10442.25391,10099.24219,10410.12695,10410.12695,15323563925,
9/13/2019,10415.36231,10441.48926,10226.59668,10360.54688,10360.54688,14109864675,
9/16/2019,10347.22266,10386.86719,10189.74414,10276.79395,10276.79395,15160167779,
9/17/2019,10281.51367,10296.77148,10199.73926,10241.27246,10241.27246,15304603363,
9/18/2019,10247.7959,10275.92871,10191.46973,10198.24805,10198.24805,16169268880,
9/19/2019,10200.49609,10295.66895,9851.692383,10266.41504,10266.41504,19937691247,
9/20/2019,10266.31836,10285.87207,10132.18652,10181.6416,10181.6416,14734189639,
9/23/2019,10067.96289,10074.23828,9727.143555,9729.324219,9729.324219,15144925408,
9/24/2019,9729.321289,9804.317383,8370.801758,8620.566406,8620.566406,25002886689,
9/25/2019,8603.428711,8744.828125,8325.396484,8486.993164,8486.993164,21744728353,
9/26/2019,8487.669922,8515.685547,7895.629395,8118.967773,8118.967773,19258205289,
9/27/2019,8113.101074,8271.520508,7965.922852,8251.845703,8251.845703,16408941156,
9/30/2019,8104.226563,8314.231445,7830.758789,8293.868164,8293.868164,17115474183,
10/1/2019,8299.720703,8497.692383,8232.679688,8343.276367,8343.276367,15305343413,
10/2/2019,8344.212891,8393.041992,8227.695313,8393.041992,8393.041992,13125712443,
10/3/2019,8390.774414,8414.227539,8146.437012,8259.992188,8259.992188,13668823409,
10/4/2019,8259.494141,8260.055664,8151.236816,8205.939453,8205.939453,13139456229,
10/7/2019,7989.120605,8308.450195,7905.766113,8245.623047,8245.623047,18009742607,
10/8/2019,8246.849609,8332.714844,8185.763184,8228.783203,8228.783203,15592264032,
10/9/2019,8229.84082,8627.706055,8169.298828,8595.740234,8595.740234,19384942333,
10/10/2019,8585.280273,8625.272461,8471.933594,8586.473633,8586.473633,17618660671,
10/11/2019,8585.262695,8721.780273,8316.181641,8321.756836,8321.756836,19604381101,
10/14/2019,8320.832031,8390.208984,8284.130859,8374.686523,8374.686523,15151387859,
10/15/2019,8373.458008,8410.714844,8182.706543,8205.369141,8205.369141,15220412632,
10/16/2019,8204.674805,8216.8125,7985.089844,8047.526855,8047.526855,16071646996,
10/17/2019,8047.8125,8134.831543,8000.942871,8103.911133,8103.911133,14313052244,
10/18/2019,8100.933594,8138.413574,7902.164063,7973.20752,7973.20752,15651592610,
10/21/2019,8225.115234,8296.694336,8196.416016,8243.720703,8243.720703,15868748866,
10/22/2019,8243.402344,8296.651367,8074.462891,8078.203125,8078.203125,16803377857,
10/23/2019,8076.228516,8092.999512,7469.322754,7514.671875,7514.671875,21942878958,
10/24/2019,7509.728027,7532.867676,7446.98877,7493.48877,7493.48877,16268708849,
10/25/2019,7490.703125,8691.540039,7479.984375,8660.700195,8660.700195,28705065488,
10/28/2019,9565.101563,9805.118164,9256.148438,9256.148438,9256.148438,30948255332,
10/29/2019,9248.44043,9516.180664,9232.648438,9427.6875,9427.6875,28426779937,
10/30/2019,9422.462891,9426.874023,9085.370117,9205.726563,9205.726563,27706531577,
10/31/2019,9202.458008,9383.161133,9028.717773,9199.584961,9199.584961,26583653947,
11/1/2019,9193.992188,9275.657227,9132.047852,9261.104492,9261.104492,24324691031,
11/4/2019,9235.607422,9505.051758,9191.485352,9412.612305,9412.612305,26170255634,
11/5/2019,9413.004883,9457.417969,9256.931641,9342.527344,9342.527344,26198609048,
11/6/2019,9340.864258,9423.237305,9305.90918,9360.879883,9360.879883,23133895765,
11/7/2019,9352.393555,9368.476563,9202.353516,9267.561523,9267.561523,22700383839,
11/8/2019,9265.368164,9272.759766,8775.53418,8804.880859,8804.880859,24333037836,
11/11/2019,9056.917969,9081.279297,8700.608398,8757.788086,8757.788086,20265510765,
11/12/2019,8759.751953,8853.768555,8685.427734,8815.662109,8815.662109,20309769107,
11/13/2019,8812.033203,8836.841797,8761.651367,8808.262695,8808.262695,17545755405,
11/14/2019,8811.936523,8826.943359,8692.551758,8708.094727,8708.094727,19084739975,
11/15/2019,8705.708008,8730.873047,8484.84375,8491.992188,8491.992188,21796856471,
11/18/2019,8573.980469,8653.280273,8273.573242,8309.286133,8309.286133,21579470673,
11/19/2019,8305.134766,8408.516602,8099.963379,8206.145508,8206.145508,21083613816,
11/20/2019,8203.613281,8237.240234,8010.511719,8027.268066,8027.268066,20764300437,
11/21/2019,8023.644531,8110.098145,7597.381836,7642.75,7642.75,22514243371,
11/22/2019,7643.569336,7697.382813,6936.706543,7296.577637,7296.577637,34242315785,
11/25/2019,7039.977051,7319.856934,6617.166992,7146.133789,7146.133789,42685231262,
11/26/2019,7145.15918,7320.230469,7098.572266,7218.371094,7218.371094,21129505542,
11/27/2019,7220.880859,7619.693359,6974.174316,7531.663574,7531.663574,23991412764,
11/29/2019,7466.727051,7781.179688,7460.756348,7761.243652,7761.243652,19709695456,
12/2/2019,7424.036133,7474.818848,7233.399414,7321.988281,7321.988281,17082040706,
12/3/2019,7323.975586,7418.858887,7229.356934,7320.145508,7320.145508,14797485769,
12/4/2019,7320.125,7539.784668,7170.922852,7252.034668,7252.034668,21664240918,
12/5/2019,7253.241699,7743.431641,7232.676758,7448.307617,7448.307617,18816085231,
12/6/2019,7450.561523,7546.996582,7392.175293,7546.996582,7546.996582,18104466307,
12/9/2019,7561.79541,7618.091797,7365.985352,7400.899414,7400.899414,17872021272,
12/10/2019,7397.134277,7424.022949,7246.043945,7278.119629,7278.119629,18249031195,
12/11/2019,7277.197754,7324.15625,7195.527344,7217.427246,7217.427246,16350490689,
12/12/2019,7216.73877,7266.639648,7164.741211,7243.134277,7243.134277,18927080224,
12/13/2019,7244.662109,7293.560547,7227.122559,7269.68457,7269.68457,17125736940,
12/16/2019,7153.663086,7171.168945,6903.682617,6932.480469,6932.480469,20213265950,
12/17/2019,6931.31543,6964.075195,6587.974121,6640.515137,6640.515137,22363804217,
12/18/2019,6647.698242,7324.984863,6540.049316,7276.802734,7276.802734,31836522778,
12/19/2019,7277.59082,7346.602539,7041.381836,7202.844238,7202.844238,25904604416,
12/20/2019,7208.636719,7257.921875,7086.124023,7218.816406,7218.816406,22633815180,
12/23/2019,7508.902344,7656.17627,7326.192383,7355.628418,7355.628418,27831788041,
12/24/2019,7354.393066,7535.716797,7269.528809,7322.532227,7322.532227,22991622105,
12/26/2019,7274.799316,7388.302734,7200.386719,7238.966797,7238.966797,22787010034,
12/27/2019,7238.141113,7363.529297,7189.934082,7290.088379,7290.088379,22777360996,
12/30/2019,7420.272949,7454.824219,7276.308105,7292.995117,7292.995117,22874131672,
12/31/2019,7294.438965,7335.290039,7169.777832,7193.599121,7193.599121,21167946112,
1/2/2020,7202.55127,7212.155273,6935.27002,6985.470215,6985.470215,20802083465,
1/3/2020,6984.428711,7413.715332,6914.996094,7344.884277,7344.884277,28111481032,
1/6/2020,7410.452148,7781.867188,7409.292969,7769.219238,7769.219238,23276261598,
1/7/2020,7768.682129,8178.21582,7768.227539,8163.692383,8163.692383,28767291327,
1/8/2020,8161.935547,8396.738281,7956.774414,8079.862793,8079.862793,31672559265,
1/9/2020,8082.295898,8082.295898,7842.403809,7879.071289,7879.071289,24045990466,
1/10/2020,7878.307617,8166.554199,7726.774902,8166.554199,8166.554199,28714583844,
1/13/2020,8189.771973,8197.788086,8079.700684,8144.194336,8144.194336,22482910688,
1/14/2020,8140.933105,8879.511719,8140.933105,8827.764648,8827.764648,44841784107,
1/15/2020,8825.34375,8890.117188,8657.1875,8807.010742,8807.010742,40102834650,
1/16/2020,8812.481445,8846.460938,8612.095703,8723.786133,8723.786133,31313981931,
1/17/2020,8725.209961,8958.12207,8677.316406,8929.038086,8929.038086,36372139320,
1/21/2020,8658.991211,8755.706055,8544.520508,8745.894531,8745.894531,24097418512,
1/22/2020,8744.210938,8792.994141,8636.74707,8680.875977,8680.875977,22600204051,
1/23/2020,8680.650391,8687.74707,8333.637695,8406.515625,8406.515625,25770680779,
1/24/2020,8405.567383,8514.666992,8266.84082,8445.43457,8445.43457,24397913026,
1/27/2020,8597.308594,8977.726563,8597.308594,8909.819336,8909.819336,28647338393,
1/28/2020,8912.524414,9358.589844,8908.447266,9358.589844,9358.589844,34398744403,
1/29/2020,9357.470703,9406.431641,9269.467773,9316.629883,9316.629883,30682598115,
1/30/2020,9316.016602,9553.125977,9230.897461,9508.993164,9508.993164,32378792851,
1/31/2020,9508.313477,9521.706055,9230.776367,9350.529297,9350.529297,29432489719,
2/3/2020,9344.683594,9540.37207,9248.633789,9293.521484,9293.521484,30934096509,
2/4/2020,9292.841797,9331.265625,9112.811523,9180.962891,9180.962891,29893183716,
2/5/2020,9183.416016,9701.299805,9163.704102,9613.423828,9613.423828,35222060874,
2/6/2020,9617.821289,9824.619141,9539.818359,9729.801758,9729.801758,37628823716,
2/7/2020,9726.00293,9834.716797,9726.00293,9795.943359,9795.943359,34522718159,
2/10/2020,10115.55957,10165.76563,9784.563477,9856.611328,9856.611328,39386548075,
2/11/2020,9855.891602,10210.05273,9729.334961,10208.23633,10208.23633,37648059389,
2/12/2020,10202.3877,10393.61133,10202.3877,10326.05469,10326.05469,43444303830,
2/13/2020,10323.96094,10457.62695,10116.16113,10214.37988,10214.37988,49356071373,
2/14/2020,10211.55078,10321.99609,10125.53418,10312.11621,10312.11621,43338264162,
2/18/2020,9691.230469,10161.93555,9632.382813,10141.99609,10141.99609,47271023953,
2/19/2020,10143.79883,10191.67578,9611.223633,9633.386719,9633.386719,46992019710,
2/20/2020,9629.325195,9643.216797,9507.900391,9608.475586,9608.475586,44925260237,
2/21/2020,9611.782227,9723.014648,9589.743164,9686.441406,9686.441406,40930547513,
2/24/2020,9921.583008,9951.746094,9537.042969,9650.174805,9650.174805,45080496648,
2/25/2020,9651.3125,9652.737305,9305.021484,9341.705078,9341.705078,42515259129,
2/26/2020,9338.290039,9354.77832,8704.426758,8820.522461,8820.522461,50420050762,
2/27/2020,8825.09375,8932.892578,8577.199219,8784.494141,8784.494141,45470195695,
2/28/2020,8788.728516,8890.456055,8492.932617,8672.455078,8672.455078,44605450443,
3/2/2020,8563.264648,8921.308594,8532.630859,8869.669922,8869.669922,42857674409,
3/3/2020,8865.387695,8901.598633,8704.990234,8787.786133,8787.786133,42386715821,
3/4/2020,8788.541992,8843.366211,8712.431641,8755.246094,8755.246094,34746706368,
3/5/2020,8760.285156,9142.054688,8757.253906,9078.762695,9078.762695,39698054597,
3/6/2020,9078.308594,9167.695313,9032.079102,9122.545898,9122.545898,40826885651,
3/9/2020,8111.146484,8177.793457,7690.098145,7923.644531,7923.644531,46936995808,
3/10/2020,7922.146973,8136.945313,7814.763184,7909.729492,7909.729492,42213940994,
3/11/2020,7910.089844,7950.814453,7642.8125,7911.430176,7911.430176,38682762605,
3/12/2020,7913.616211,7929.116211,4860.354004,4970.788086,4970.788086,53980357243,
3/13/2020,5017.831055,5838.114746,4106.980957,5563.707031,5563.707031,74156772075,
3/16/2020,5385.229492,5385.229492,4575.35791,5014.47998,5014.47998,45368026430,
3/17/2020,5002.578125,5371.348633,4981.90918,5225.629395,5225.629395,38622642935,
3/18/2020,5227.11377,5331.833984,5069.335938,5238.438477,5238.438477,37878801016,
3/19/2020,5245.416504,6329.73584,5236.96875,6191.192871,6191.192871,51000731797,
3/20/2020,6191.653809,6844.261719,5865.781738,6198.77832,6198.77832,54442976103,
3/23/2020,5831.374512,6443.93457,5785.004395,6416.314941,6416.314941,46491916000,
3/24/2020,6436.642578,6789.022949,6411.066406,6734.803711,6734.803711,48221910672,
3/25/2020,6738.716797,6892.51123,6536.92627,6681.062988,6681.062988,44590107888,
3/26/2020,6675.170898,6735.463867,6590.962891,6716.44043,6716.44043,35319797642,
3/27/2020,6719.38916,6793.836426,6466.70166,6469.79834,6469.79834,34585598367,
3/30/2020,5925.538574,6517.195801,5903.234375,6429.841797,6429.841797,37101651525,
3/31/2020,6430.606445,6504.515137,6374.162109,6438.644531,6438.644531,32786468812,
4/1/2020,6437.319336,6612.57373,6202.373535,6606.776367,6606.776367,40346426266,
4/2/2020,6606.776367,7088.247559,6595.918457,6793.624512,6793.624512,47660646124,
4/3/2020,6797.396484,7003.220703,6673.335938,6733.387207,6733.387207,38976504903,
4/6/2020,6788.049805,7271.78125,6782.889648,7271.78125,7271.78125,46896904615,
4/7/2020,7273.644043,7427.939453,7136.714355,7176.414551,7176.414551,44243482668,
4/8/2020,7179.283203,7356.223633,7153.305664,7334.098633,7334.098633,37563249549,
4/9/2020,7337.966309,7341.448242,7179.094238,7302.089355,7302.089355,34815139178,
4/13/2020,6965.616699,6965.616699,6668.259766,6845.037598,6845.037598,38619308647,
4/14/2020,6843.281738,6958.557129,6793.821289,6842.427734,6842.427734,34110434052,
4/15/2020,6845.561523,6928.664551,6633.402832,6642.109863,6642.109863,32288311031,
4/16/2020,6640.454102,7134.450684,6555.504395,7116.804199,7116.804199,46783242377,
4/17/2020,7092.291504,7269.956543,7089.24707,7257.665039,7257.665039,32447188386,
4/20/2020,7186.873535,7240.290527,6835.50293,6881.958496,6881.958496,37747113936,
4/21/2020,6879.78418,6934.551758,6834.442383,6880.323242,6880.323242,32589741511,
4/22/2020,6879.44043,7145.865723,6867.781738,7117.20752,7117.20752,33249153866,
4/23/2020,7121.306152,7491.785156,7081.594727,7429.724609,7429.724609,43500782316,
4/24/2020,7434.181641,7574.195801,7434.181641,7550.900879,7550.900879,34636526286,
4/27/2020,7679.418945,7795.601074,7679.418945,7795.601074,7795.601074,36162144725,
4/28/2020,7796.970215,7814.527344,7730.806641,7807.058594,7807.058594,33187959921,
4/29/2020,7806.712402,8871.753906,7786.049316,8801.038086,8801.038086,60201052203,
4/30/2020,8797.669922,9440.650391,8533.255859,8658.553711,8658.553711,66964629541,
5/1/2020,8672.782227,9048.023438,8667.763672,8864.766602,8864.766602,44068389997,
5/4/2020,8895.745117,8956.90625,8645.024414,8912.654297,8912.654297,45718796276,
5/5/2020,8912.832031,9062.415039,8856.827148,9003.070313,9003.070313,43148462663,
5/6/2020,9007.441406,9411.467773,8966.706055,9268.761719,9268.761719,49371886931,
5/7/2020,9261.895508,9992.664063,9138.322266,9951.518555,9951.518555,61112700562,
5/8/2020,9936.162109,9996.743164,9767.172852,9842.666016,9842.666016,51780748042,
5/11/2020,8755.535156,9033.470703,8374.323242,8601.795898,8601.795898,57119858802,
5/12/2020,8610.385742,8949.898438,8569.643555,8804.477539,8804.477539,42142717533,
5/13/2020,8805.387695,9317.878906,8805.387695,9269.987305,9269.987305,45558144023,
5/14/2020,9271.329102,9793.268555,9255.035156,9733.72168,9733.72168,56426907637,
5/15/2020,9734.291016,9755.828125,9261.398438,9328.197266,9328.197266,48158802327,
5/18/2020,9675.695313,9906.030273,9570.359375,9726.575195,9726.575195,41827139896,
5/19/2020,9727.063477,9836.047852,9539.624023,9729.038086,9729.038086,39254288955,
5/20/2020,9725.329102,9804.793945,9447.201172,9522.981445,9522.981445,36546239703,
5/21/2020,9522.740234,9555.242188,8869.930664,9081.761719,9081.761719,39326160532,
5/22/2020,9080.334961,9232.936523,9008.638672,9182.577148,9182.577148,29810773699,
5/26/2020,8909.585938,8991.967773,8757.293945,8835.052734,8835.052734,29584186947,
5/27/2020,8837.380859,9203.320313,8834.157227,9181.017578,9181.017578,32740536902,
5/28/2020,9184.945313,9546.319336,9148.457031,9525.750977,9525.750977,34367073114,
5/29/2020,9528.355469,9573.666992,9379.338867,9439.124023,9439.124023,32896642044,
6/1/2020,9463.605469,10199.56543,9450.899414,10167.26856,10167.26856,35198901068,
6/2/2020,10162.97363,10182.34082,9460.571289,9529.803711,9529.803711,39137252109,
6/3/2020,9533.760742,9682.859375,9471.84668,9656.717773,9656.717773,25007459262,
6/4/2020,9655.854492,9887.610352,9525.24707,9800.636719,9800.636719,25921805072,
6/5/2020,9800.21582,9869.237305,9663.216797,9665.533203,9665.533203,23509628646,
6/8/2020,9760.063477,9782.306641,9675.885742,9771.489258,9771.489258,21486346312,
6/9/2020,9774.360352,9836.369141,9664.719727,9795.700195,9795.700195,23717842783,
6/10/2020,9794.119141,9908.896484,9728.291016,9870.094727,9870.094727,25706567601,
6/11/2020,9870.078125,9938.297852,9263.069336,9321.78125,9321.78125,30247143440,
6/12/2020,9320.69043,9540.46582,9285.851563,9480.84375,9480.84375,22610564515,
6/15/2020,9386.035156,9504.860352,8990.175781,9450.702148,9450.702148,26699704768,
6/16/2020,9454.266602,9579.430664,9400.445313,9538.024414,9538.024414,21565537209,
6/17/2020,9533.78418,9540.422852,9327.339844,9480.254883,9480.254883,20177709879,
6/18/2020,9481.567383,9482.782227,9328.395508,9411.84082,9411.84082,17770083003,
6/19/2020,9410.293945,9440.875977,9274.295898,9288.018555,9288.018555,19632223107,
6/22/2020,9300.915039,9655.073242,9296.87207,9648.717773,9648.717773,21104009514,
6/23/2020,9644.076172,9670.541016,9547.24707,9629.658203,9629.658203,17006433272,
6/24/2020,9632.149414,9680.367188,9278.233398,9313.610352,9313.610352,18961716076,
6/25/2020,9314.126953,9340.161133,9095.324219,9264.813477,9264.813477,18616048626,
6/26/2020,9260.995117,9310.516602,9101.738281,9162.917969,9162.917969,18341465837,
6/29/2020,9140.029297,9237.573242,9041.875977,9190.854492,9190.854492,16460547078,
6/30/2020,9185.581055,9217.835938,9084.837891,9137.993164,9137.993164,15735797744,
7/1/2020,9145.985352,9309.754883,9104.735352,9228.325195,9228.325195,15971550355,
7/2/2020,9231.139648,9274.962891,9036.623047,9123.410156,9123.410156,16338916796,
7/6/2020,9072.849609,9375.474609,9058.664063,9375.474609,9375.474609,17889263252,
7/7/2020,9349.161133,9360.617188,9201.81543,9252.277344,9252.277344,13839652595,
7/8/2020,9253.020508,9450.335938,9249.5,9428.333008,9428.333008,19702359883,
7/9/2020,9427.994141,9431.378906,9234.999023,9277.967773,9277.967773,18000702524,
7/10/2020,9273.357422,9287.47168,9118.001953,9278.807617,9278.807617,16860035605,
7/13/2020,9277.205078,9306.405273,9224.292969,9243.614258,9243.614258,17519821266,
7/14/2020,9238.703125,9283.841797,9171.661133,9243.213867,9243.213867,18085038362,
7/15/2020,9241.897461,9275.325195,9171.933594,9192.836914,9192.836914,15844731575,
7/16/2020,9191.980469,9214.3125,9088.947266,9132.227539,9132.227539,15713967523,
7/17/2020,9131.8125,9182.253906,9089.202148,9151.392578,9151.392578,13944570749,
7/20/2020,9187.220703,9214.270508,9137.509766,9164.231445,9164.231445,13755604146,
7/21/2020,9162.514648,9407.262695,9149.389648,9374.887695,9374.887695,18069581956,
7/22/2020,9375.080078,9530.518555,9319.65332,9525.363281,9525.363281,16532254884,
7/23/2020,9527.141602,9610.24707,9483.003906,9581.072266,9581.072266,18146399002,
7/24/2020,9585.514648,9623.336914,9481.454102,9536.892578,9536.892578,16552768325,
7/27/2020,9905.217773,11298.22168,9903.969727,10990.87305,10990.87305,35359749590,
7/28/2020,11017.46387,11204.32715,10632.63184,10912.82324,10912.82324,28766551142,
7/29/2020,10912.95313,11304.39746,10856.1416,11100.46777,11100.46777,24617249715,
7/30/2020,11099.83301,11169.35645,10895.45508,11111.21387,11111.21387,22857247901,
7/31/2020,11110.21094,11415.86426,10987.05371,11323.4668,11323.4668,23160469766,
8/3/2020,11043.76856,11453.0791,11012.41504,11246.34863,11246.34863,20271713443,
8/4/2020,11246.20313,11385.38184,11094.14551,11205.89258,11205.89258,21250197042,
8/5/2020,11203.82324,11786.61719,11158.28516,11747.02246,11747.02246,24411254471,
8/6/2020,11749.87109,11902.33594,11598.71387,11779.77344,11779.77344,23400740340,
8/7/2020,11778.89453,11898.03809,11408.59375,11601.47266,11601.47266,23132312867,
8/10/2020,11662.25684,12045.14063,11662.25684,11878.11133,11878.11133,26114112569,
8/11/2020,11881.64746,11932.71094,11195.70898,11410.52539,11410.52539,27039782640,
8/12/2020,11404.59668,11748.39648,11249.60547,11584.93457,11584.93457,25064548486,
8/13/2020,11588.40527,11796.39648,11216.87207,11784.1377,11784.1377,27522199497,
8/14/2020,11772.65918,12150.99414,11685.45508,11768.87109,11768.87109,24237958589,
8/17/2020,11895.6582,12359.05664,11806.69629,12254.40234,12254.40234,28227687027,
8/18/2020,12251.89551,12335.70703,11954.52539,11991.2334,11991.2334,26043227672,
8/19/2020,11990.88477,12028.92383,11687.33301,11758.2832,11758.2832,24502851117,
8/20/2020,11761.5,11900.41113,11710.06348,11878.37207,11878.37207,20175242945,
8/21/2020,11878.02637,11899.25977,11564.97949,11592.48926,11592.48926,23762425999,
8/24/2020,11663.68945,11807.63184,11623.25,11774.5957,11774.5957,20681511755,
8/25/2020,11773.58887,11778.29981,11189.85059,11366.13477,11366.13477,26301509932,
8/26/2020,11366.89453,11530.05273,11296.99316,11488.36328,11488.36328,22466660958,
8/27/2020,11485.6084,11570.78613,11185.94141,11323.39746,11323.39746,23240415076,
8/28/2020,11325.2959,11545.61523,11316.42285,11542.5,11542.5,19807127588,
8/31/2020,11713.30664,11768.87695,11598.31836,11680.82031,11680.82031,22285928250,
9/1/2020,11679.31641,12067.08106,11601.12891,11970.47852,11970.47852,27311555343,
9/2/2020,11964.82324,11964.82324,11290.79395,11414.03418,11414.03418,28037405299,
9/3/2020,11407.19141,11443.02246,10182.46484,10245.29688,10245.29688,31927261555,
9/4/2020,10230.36523,10663.91992,10207.94043,10511.81348,10511.81348,29965130374,
9/8/2020,10369.30664,10414.77539,9945.110352,10131.5166,10131.5166,33430927462,
9/9/2020,10134.15137,10350.54297,10017.25098,10242.34766,10242.34766,24128292755,
9/10/2020,10242.33008,10503.91211,10238.13574,10363.13867,10363.13867,54406443211,
9/11/2020,10369.02832,10434.92285,10140.83691,10400.91504,10400.91504,45201121775,
9/14/2020,10328.73438,10800.01074,10266.00879,10680.83789,10680.83789,35453581940,
9/15/2020,10677.75488,10938.63184,10656.45996,10796.95117,10796.95117,32509451925,
9/16/2020,10797.76172,11100.12402,10704.88477,10974.90527,10974.90527,30769986455,
9/17/2020,10973.25195,11037.4209,10774.62793,10948.99023,10948.99023,38151810523,
9/18/2020,10951.82031,11034.9082,10829.65723,10944.58594,10944.58594,26341903912,
9/21/2020,10934.92578,10988.30469,10380.26074,10462.25977,10462.25977,28884999244,
9/22/2020,10459.62402,10568.07715,10382.72656,10538.45996,10538.45996,23621787804,
9/23/2020,10539.45703,10637.84766,10185.77441,10225.86426,10225.86426,22986733997,
9/24/2020,10227.47949,10765.79492,10215.20508,10745.54883,10745.54883,23017536742,
9/25/2020,10747.47266,10757.54883,10594.04785,10702.29004,10702.29004,21232549821,
9/28/2020,10771.6416,10949.12305,10716.67676,10721.32715,10721.32715,22720365389,
9/29/2020,10712.46289,10858.93945,10665.34473,10848.83008,10848.83008,20459870042,
9/30/2020,10845.41113,10856.52832,10689.6709,10787.61816,10787.61816,20759622010,
10/1/2020,10785.01074,10915.84375,10493.55273,10623.33008,10623.33008,27178227816,
10/2/2020,10624.39063,10662.81348,10440.31152,10585.16406,10585.16406,23127839259,
10/5/2020,10688.03418,10804.00098,10646.44336,10804.00098,10804.00098,19385191766,
10/6/2020,10799.77832,10803.45606,10565.19727,10621.66406,10621.66406,22264958686,
10/7/2020,10619.80371,10687.26856,10591.96387,10679.13672,10679.13672,17634388529,
10/8/2020,10677.625,10939.79981,10569.82324,10923.62793,10923.62793,21962121001,
10/9/2020,11059.14258,11442.21094,11056.94043,11296.36133,11296.36133,22877978588,
10/12/2020,11296.08203,11428.81348,11288.62793,11384.18164,11384.18164,19968627060,
10/13/2020,11429.04785,11539.97754,11307.83106,11429.50684,11429.50684,24103426719,
10/14/2020,11426.60254,11569.91406,11303.60352,11495.34961,11495.34961,24487233058,
10/15/2020,11502.82813,11540.06152,11223.0127,11322.12305,11322.12305,25635480772,
10/16/2020,11322.12305,11386.26172,11285.3457,11358.10156,11358.10156,19130430174,
10/19/2020,11495.03809,11799.09277,11408.29004,11742.03711,11742.03711,23860769928,
10/20/2020,11745.97461,11999.91797,11681.48047,11916.33496,11916.33496,30915821592,
10/21/2020,11913.07715,13184.56641,11900.92871,12823.68945,12823.68945,43414712626,
10/22/2020,12801.63574,13161.59375,12717.09375,12965.8916,12965.8916,34729759598,
10/23/2020,12971.54883,13015.96191,12752.64746,12931.53906,12931.53906,28974975003,
10/26/2020,13031.20117,13225.29785,12822.38281,13075.24805,13075.24805,29461458313,
10/27/2020,13075.24219,13759.66895,13060.83789,13654.21875,13654.21875,33749878156,
10/28/2020,13654.21484,13837.69531,12932.25098,13271.28516,13271.28516,35867318895,
10/29/2020,13271.29883,13612.04785,12980.05957,13437.88281,13437.88281,56499499598,
10/30/2020,13437.87402,13651.5166,13136.19824,13546.52246,13546.52246,30581485201,
11/2/2020,13737.03223,13808.32324,13243.16016,13550.48926,13550.48926,30771455468,
11/3/2020,13550.45117,13984.98145,13325.44141,13950.30078,13950.30078,29869951617,
11/4/2020,13950.48828,14218.7666,13580.47168,14133.70703,14133.70703,35116364962,
11/5/2020,14133.7334,15706.4043,14102.08887,15579.84863,15579.84863,40856321439,
11/6/2020,15579.72949,15903.4375,15226.83984,15565.88086,15565.88086,39837841971,
11/9/2020,15479.5957,15785.13672,14865.5293,15332.31543,15332.31543,34149115566,
11/10/2020,15332.35059,15450.3291,15124.95996,15290.90234,15290.90234,25574938143,
11/11/2020,15290.90918,15916.26074,15290.00684,15701.33984,15701.33984,29772374934,
11/12/2020,15701.29883,16305.00391,15534.77148,16276.34375,16276.34375,34175758344,
11/13/2020,16276.44043,16463.17773,15992.15234,16317.80859,16317.80859,31599492172,
11/16/2020,15955.57715,16816.18164,15880.70606,16716.11133,16716.11133,31526766675,
11/17/2020,16685.69141,17782.91992,16564.54492,17645.40625,17645.40625,39006849170,
11/18/2020,17645.19141,18393.94922,17352.90625,17804.00586,17804.00586,49064800278,
11/19/2020,17803.86133,18119.54688,17382.55469,17817.08984,17817.08984,36985055355,
11/20/2020,17817.08398,18773.22656,17765.79492,18621.31445,18621.31445,36992873940,
11/23/2020,18370.01758,18711.42578,18000.79688,18364.12109,18364.12109,42741112308,
11/24/2020,18365.01563,19348.27148,18128.65625,19107.46484,19107.46484,51469565009,
11/25/2020,19104.41016,19390.96484,18581.14648,18732.12109,18732.12109,43710357371,
11/27/2020,17153.91406,17445.02344,16526.42383,17108.40234,17108.40234,38886494645,
11/30/2020,18178.32227,19749.26367,18178.32227,19625.83594,19625.83594,47728480399,
12/1/2020,19633.76953,19845.97461,18321.92188,18802.99805,18802.99805,49633658712,
12/2/2020,18801.74414,19308.33008,18347.71875,19201.0918,19201.0918,37387697139,
12/3/2020,19205.92578,19566.19141,18925.78516,19445.39844,19445.39844,31930317405,
12/4/2020,19446.9668,19511.4043,18697.19336,18699.76563,18699.76563,33872388058,
12/7/2020,19343.12891,19411.82813,18931.14258,19191.63086,19191.63086,26896357742,
12/8/2020,19191.5293,19283.47852,18269.94531,18321.14453,18321.14453,31692288756,
12/9/2020,18320.88477,18626.29297,17935.54688,18553.91602,18553.91602,34420373071,
12/10/2020,18553.29883,18553.29883,17957.06445,18264.99219,18264.99219,25547132265,
12/11/2020,18263.92969,18268.45313,17619.5332,18058.9043,18058.9043,27919640985,
12/14/2020,19144.49219,19305.09961,19012.70898,19246.64453,19246.64453,22473997681,
12/15/2020,19246.91992,19525.00781,19079.8418,19417.07617,19417.07617,26741982541,
12/16/2020,19418.81836,21458.9082,19298.31641,21310.59766,21310.59766,44409011479,
12/17/2020,21308.35156,23642.66016,21234.67578,22805.16211,22805.16211,71378606374,
12/18/2020,22806.79688,23238.60156,22399.8125,23137.96094,23137.96094,40387896275,
12/21/2020,23474.45508,24059.98242,22159.36719,22803.08203,22803.08203,45852713981,
12/22/2020,22794.03906,23789.90234,22430.60547,23783.0293,23783.0293,44171632681,
12/23/2020,23781.97461,24024.49023,22802.64648,23241.3457,23241.3457,51146161904,
12/24/2020,23240.20313,23768.33789,22777.59766,23735.94922,23735.94922,41080759713,
12/28/2020,26280.82227,27389.11133,26207.64063,27084.80859,27084.80859,49056742893,
12/29/2020,27081.81055,27370.7207,25987.29883,27362.4375,27362.4375,45265946774,
12/30/2020,27360.08984,28937.74023,27360.08984,28840.95313,28840.95313,51287442704,
12/31/2020,28841.57422,29244.87695,28201.99219,29001.7207,29001.7207,46754964848,
1/4/2021,32810.94922,33440.21875,28722.75586,31971.91406,31971.91406,81163475344,
1/5/2021,31977.04102,34437.58984,30221.1875,33992.42969,33992.42969,67547324782,
1/6/2021,34013.61328,36879.69922,33514.03516,36824.36328,36824.36328,75289433811,
1/7/2021,36833.875,40180.36719,36491.19141,39371.04297,39371.04297,84762141031,
1/8/2021,39381.76563,41946.73828,36838.63672,40797.60938,40797.60938,88107519480,
1/11/2021,38346.53125,38346.53125,30549.59961,35566.65625,35566.65625,1.23E+11,
1/12/2021,35516.35938,36568.52734,32697.97656,33922.96094,33922.96094,74773277909,
1/13/2021,33915.12109,37599.96094,32584.66797,37316.35938,37316.35938,69364315979,
1/14/2021,37325.10938,39966.40625,36868.5625,39187.32813,39187.32813,63615990033,
1/15/2021,39156.70703,39577.71094,34659.58984,36825.36719,36825.36719,67760757881,
1/19/2021,36642.23438,37755.89063,36069.80469,36069.80469,36069.80469,57244195486,
1/20/2021,36050.11328,36378.32813,33570.47656,35547.75,35547.75,66834573161,
1/21/2021,35549.39844,35552.67969,30250.75,30825.69922,30825.69922,75643067688,
1/22/2021,30817.625,33811.85156,28953.37305,33005.76172,33005.76172,77207272511,
1/25/2021,32285.79883,34802.74219,32087.78711,32366.39258,32366.39258,59897054838,
1/26/2021,32358.61328,32794.55078,31030.26563,32569.84961,32569.84961,60255421470,
1/27/2021,32564.0293,32564.0293,29367.13867,30432.54688,30432.54688,62576762015,
1/28/2021,30441.04102,31891.30078,30023.20703,31649.60547,31649.60547,78948162368,
1/29/2021,34318.67188,38406.26172,32064.81445,34316.38672,34316.38672,1.18E+11,
2/1/2021,33114.57813,34638.21484,32384.22852,33537.17578,33537.17578,61400400660,
2/2/2021,33533.19922,35896.88281,33489.21875,35510.28906,35510.28906,63088585433,
2/3/2021,35510.82031,37480.1875,35443.98438,37472.08984,37472.08984,61166818159,
2/4/2021,37475.10547,38592.17578,36317.5,36926.06641,36926.06641,68838074392,
2/5/2021,36931.54688,38225.90625,36658.76172,38144.30859,38144.30859,58598066402,
2/8/2021,38886.82813,46203.92969,38076.32422,46196.46484,46196.46484,1.01E+11,
2/9/2021,46184.99219,48003.72266,45166.96094,46481.10547,46481.10547,91809846886,
2/10/2021,46469.76172,47145.56641,43881.15234,44918.18359,44918.18359,87301089896,
2/11/2021,44898.71094,48463.46875,44187.76172,47909.33203,47909.33203,81388911810,
2/12/2021,47877.03516,48745.73438,46424.97656,47504.85156,47504.85156,76555041196,
2/16/2021,47944.45703,50341.10156,47201.30469,49199.87109,49199.87109,77049582886,
2/17/2021,49207.27734,52533.91406,49072.37891,52149.00781,52149.00781,80820545404,
2/18/2021,52140.97266,52474.10547,51015.76563,51679.79688,51679.79688,52054723579,
2/19/2021,51675.98047,56113.65234,50937.27734,55888.13281,55888.13281,63495496918,
2/22/2021,57532.73828,57533.39063,48967.56641,54207.32031,54207.32031,92052420332,
2/23/2021,54204.92969,54204.92969,45290.58984,48824.42578,48824.42578,1.06E+11,
2/24/2021,48835.08594,51290.13672,47213.5,49705.33203,49705.33203,63695521388,
2/25/2021,49709.08203,51948.96875,47093.85156,47093.85156,47093.85156,54506565949,
2/26/2021,47180.46484,48370.78516,44454.84375,46339.76172,46339.76172,3.51E+11,
3/1/2021,45159.50391,49784.01563,45115.09375,49631.24219,49631.24219,53891300112,
3/2/2021,49612.10547,50127.51172,47228.84375,48378.98828,48378.98828,47530897720,
3/3/2021,48415.81641,52535.13672,48274.32031,50538.24219,50538.24219,53220811975,
3/4/2021,50522.30469,51735.08984,47656.92969,48561.16797,48561.16797,52343816680,
3/5/2021,48527.03125,49396.42969,46542.51563,48927.30469,48927.30469,48625928883,
3/8/2021,51174.11719,52314.07031,49506.05469,52246.52344,52246.52344,48597428048,
3/9/2021,52272.96875,54824.11719,51981.83203,54824.11719,54824.11719,50912227385,
3/10/2021,54824.01172,57258.25391,53290.89063,56008.55078,56008.55078,57295577614,
3/11/2021,55963.17969,58091.0625,54484.59375,57805.12109,57805.12109,56772343595,
3/12/2021,57821.21875,57996.62109,55376.64844,57332.08984,57332.08984,55689944702,
3/15/2021,59267.42969,60540.99219,55393.16406,55907.19922,55907.19922,66419369890,
3/16/2021,55840.78516,56833.17969,53555.02734,56804.90234,56804.90234,59749798599,
3/17/2021,56825.82813,58969.81641,54528.62891,58870.89453,58870.89453,60258313191,
3/18/2021,58893.07813,60116.25,54253.57813,57858.92188,57858.92188,55746041000,
3/19/2021,57850.44141,59498.375,56643.70313,58346.65234,58346.65234,49063873786,
3/22/2021,57517.89063,58471.48047,54288.15625,54529.14453,54529.14453,56521454974,
3/23/2021,54511.66016,55985.44141,53470.69531,54738.94531,54738.94531,56435023914,
3/24/2021,54710.48828,57262.38281,52514.33203,52774.26563,52774.26563,70567223787,
3/25/2021,52726.74609,53392.38672,50856.57031,51704.16016,51704.16016,67999812841,
3/26/2021,51683.01172,55137.3125,51579.85547,55137.3125,55137.3125,56652197978,
3/29/2021,55947.89844,58342.09766,55139.33984,57750.19922,57750.19922,57625587027,
3/30/2021,57750.13281,59447.22266,57251.55078,58917.69141,58917.69141,54414116432,
3/31/2021,58930.27734,59930.02734,57726.41797,58918.83203,58918.83203,65520826225,
4/1/2021,58926.5625,59586.07031,58505.27734,59095.80859,59095.80859,61669163792,
4/5/2021,58760.875,59891.29688,57694.82422,59057.87891,59057.87891,60706272115,
4/6/2021,59171.93359,59479.57813,57646.80859,58192.35938,58192.35938,66058027988,
4/7/2021,58186.50781,58731.14453,55604.02344,56048.9375,56048.9375,75645303584,
4/8/2021,56099.91406,58338.73828,55879.08594,58323.95313,58323.95313,53053855641,
4/9/2021,58326.5625,58937.04688,57807.86328,58245.00391,58245.00391,46655208546,
4/12/2021,60175.94531,61253.03516,59589.875,59893.45313,59893.45313,51828688519,
4/13/2021,59890.01953,63742.28516,59869.95703,63503.45703,63503.45703,69983454362,
4/14/2021,63523.75391,64863.09766,61554.79688,63109.69531,63109.69531,77451779687,
4/15/2021,63075.19531,63821.67188,62208.96484,63314.01172,63314.01172,60954381579,
4/16/2021,63258.50391,63594.72266,60222.53125,61572.78906,61572.78906,84293007468,
4/19/2021,56191.58594,57520.05469,54368.59375,55724.26563,55724.26563,65344865159,
4/20/2021,55681.79297,57062.14844,53448.04688,56473.03125,56473.03125,67849323955,
4/21/2021,56471.12891,56757.97266,53695.46875,53906.08984,53906.08984,54926612466,
4/22/2021,53857.10547,55410.23047,50583.8125,51762.27344,51762.27344,74798630778,
4/23/2021,51739.80859,52120.79297,47714.66406,51093.65234,51093.65234,86668667320,
4/26/2021,49077.79297,54288.00391,48852.79688,54021.75391,54021.75391,58284039825,
4/27/2021,54030.30469,55416.96484,53319.1875,55033.11719,55033.11719,49448222757,
4/28/2021,55036.63672,56227.20703,53887.91797,54824.70313,54824.70313,48000572955,
4/29/2021,54858.08984,55115.84375,52418.02734,53555.10938,53555.10938,46088929780,
4/30/2021,53568.66406,57900.71875,53129.60156,57750.17578,57750.17578,52395931985,
5/3/2021,56620.27344,58973.30859,56590.87109,57200.29297,57200.29297,51713139031,
5/4/2021,57214.17969,57214.17969,53191.42578,53333.53906,53333.53906,68564706967,
5/5/2021,53252.16406,57911.36328,52969.05469,57424.00781,57424.00781,69241316747,
5/6/2021,57441.30859,58363.31641,55382.50781,56396.51563,56396.51563,69523285106,
5/7/2021,56413.95313,58606.63281,55321.84766,57356.40234,57356.40234,68434023376,
5/10/2021,58250.87109,59519.35547,54071.45703,55859.79688,55859.79688,71776546298,
5/11/2021,55847.24219,56872.54297,54608.65234,56704.57422,56704.57422,61308396325,
5/12/2021,56714.53125,57939.36328,49150.53516,49150.53516,49150.53516,75215403907,
5/13/2021,49735.43359,51330.84375,46980.01953,49716.19141,49716.19141,96721152926,
5/14/2021,49682.98047,51438.11719,48868.57813,49880.53516,49880.53516,55737497453,
5/17/2021,46415.89844,46623.55859,42207.28906,43537.51172,43537.51172,74903638450,
5/18/2021,43488.05859,45812.45703,42367.83203,42909.40234,42909.40234,56187365084,
5/19/2021,42944.97656,43546.11719,30681.49609,37002.44141,37002.44141,1.26E+11,
5/20/2021,36753.66797,42462.98438,35050.61719,40782.73828,40782.73828,88281943359,
5/21/2021,40596.94922,42172.17188,33616.45313,37304.69141,37304.69141,82051616861,
5/24/2021,34700.36328,39835.14063,34551.08203,38705.98047,38705.98047,67359584098,
5/25/2021,38795.78125,39776.35156,36581.42969,38402.22266,38402.22266,56211915803,
5/26/2021,38392.625,40782.07813,37905.83594,39294.19922,39294.19922,51346735160,